age,tenure_months,monthly_charges,total_charges,support_tickets_90d,avg_call_minutes,payment_delay_days,nps_score,is_premium_plan,autopay_enabled,contract_type,region,internet_service,churned
50,24,57.93,1379.32,7,67.62,17,67,no,no,one-year,north,fiber,0
35,18,51.03,937.54,3,261.86,7,5,no,yes,month-to-month,east,fiber,1
54,29,100.98,2959.42,3,366.13,3,17,no,yes,one-year,north,wireless,0
29,25,106.14,2675.5,2,354.83,6,4,no,yes,month-to-month,north,fiber,0
70,19,107.86,2168.34,1,302.73,7,3,yes,yes,two-year,north,wireless,0
56,18,175.95,3247.1,4,186.75,20,10,yes,no,month-to-month,south,fiber,1
53,41,58.12,2489.92,4,75.88,11,14,yes,no,one-year,west,fiber,0
44,27,26.68,748.36,8,319.7,4,35,no,yes,month-to-month,south,wireless,1
41,19,132.83,2557.77,6,20.0,2,4,no,yes,two-year,west,fiber,1
55,23,68.29,1595.67,2,330.53,5,6,no,no,month-to-month,west,wireless,1
34,20,87.93,1883.6,2,216.73,5,-8,yes,yes,two-year,east,fiber,0
18,23,52.23,1220.29,0,283.51,7,-1,no,yes,month-to-month,north,wireless,0
53,30,79.37,2400.1,4,243.84,7,10,no,yes,month-to-month,south,fiber,1
72,53,88.04,4794.12,6,88.08,4,-4,yes,no,month-to-month,west,fiber,1
48,20,118.31,2461.2,2,240.71,15,20,yes,no,month-to-month,south,wireless,1
56,29,102.93,3118.97,0,350.57,2,12,yes,yes,two-year,north,wireless,0
18,33,118.22,4041.26,1,329.13,0,0,yes,yes,one-year,east,wireless,0
53,16,58.2,947.2,4,363.2,8,11,no,no,month-to-month,west,wireless,0
42,22,67.02,1511.44,7,187.49,1,-14,no,no,month-to-month,west,wireless,0
42,39,40.17,1682.63,2,602.85,8,-38,yes,yes,one-year,north,fiber,0
25,23,63.27,1465.21,1,167.74,10,-7,no,no,month-to-month,east,fiber,0
48,41,54.86,2359.26,3,131.95,10,29,yes,yes,month-to-month,north,fiber,0
55,12,85.5,1157.0,3,280.31,3,22,yes,yes,two-year,north,dsl,0
32,34,125.29,4354.86,11,20.0,15,2,yes,no,month-to-month,west,fiber,1
27,51,91.43,4690.93,2,184.5,4,-15,no,yes,month-to-month,north,dsl,0
71,25,177.24,4390.0,6,301.91,27,15,no,no,two-year,south,fiber,1
69,33,75.22,2595.26,3,477.2,9,-32,yes,yes,month-to-month,north,dsl,1
46,22,25.37,553.14,3,297.23,15,26,no,yes,two-year,west,fiber,0
36,24,95.6,2322.4,0,227.66,4,31,no,no,month-to-month,west,fiber,0
20,31,25.0,858.0,2,131.83,19,-15,yes,yes,two-year,east,dsl,0
52,31,49.39,1547.09,0,379.08,8,-13,no,no,one-year,east,wireless,0
28,31,56.4,1852.4,2,553.55,12,-19,yes,yes,two-year,north,wireless,0
49,21,67.77,1551.17,0,427.34,4,-19,yes,yes,two-year,south,dsl,0
59,19,72.87,1415.53,1,236.46,3,28,no,yes,month-to-month,south,fiber,0
45,23,105.31,2435.13,2,209.19,9,15,no,no,two-year,north,fiber,1
46,18,62.79,1140.22,5,333.42,10,12,no,yes,month-to-month,east,fiber,1
33,20,59.12,1286.4,1,537.68,12,-31,yes,no,one-year,west,dsl,0
74,32,101.25,3308.0,3,514.0,24,-16,yes,no,month-to-month,north,fiber,1
69,15,53.76,810.4,4,434.33,12,10,no,no,month-to-month,south,fiber,1
47,20,97.99,2069.8,2,267.37,10,16,yes,yes,month-to-month,south,fiber,1
71,29,85.37,2588.73,4,383.63,9,-8,yes,no,month-to-month,south,wireless,1
45,32,103.99,3434.68,5,142.41,11,2,yes,no,month-to-month,west,wireless,1
41,9,58.9,643.1,0,414.16,9,-8,yes,no,two-year,south,dsl,0
54,7,47.74,344.18,2,232.32,10,27,no,no,one-year,east,fiber,1
28,5,110.99,679.95,0,176.61,5,31,yes,no,one-year,west,fiber,0
63,7,184.59,1242.13,9,453.47,30,32,no,no,month-to-month,north,fiber,1
49,39,49.64,2042.96,3,347.84,11,10,yes,yes,month-to-month,south,wireless,0
53,20,60.31,1201.2,8,378.03,15,26,no,yes,month-to-month,south,fiber,1
53,26,86.7,2255.2,5,365.09,13,9,no,no,month-to-month,east,wireless,1
56,43,25.0,1179.0,5,111.39,12,30,yes,yes,one-year,west,fiber,0
59,16,93.56,1485.96,4,417.69,17,-4,no,no,month-to-month,west,wireless,1
59,6,57.39,351.34,6,323.13,11,36,no,no,two-year,south,fiber,1
41,24,63.35,1548.4,7,130.46,4,-22,no,yes,one-year,west,wireless,0
63,14,121.35,1726.9,5,20.0,4,7,no,yes,month-to-month,north,fiber,1
37,38,59.65,2288.7,3,277.84,6,-6,no,no,month-to-month,north,dsl,1
35,17,52.74,900.58,0,426.92,12,-14,no,yes,month-to-month,north,fiber,0
26,28,69.33,2069.24,6,271.13,4,5,yes,yes,month-to-month,south,fiber,1
18,27,39.23,1160.21,1,229.44,13,15,yes,yes,one-year,east,wireless,0
47,46,43.23,2101.58,7,25.69,9,7,yes,yes,one-year,east,wireless,0
54,2,25.0,139.0,7,20.0,17,-3,yes,yes,one-year,west,wireless,0
29,23,25.0,558.0,0,152.35,19,14,no,yes,two-year,south,dsl,0
64,15,51.5,873.5,6,397.86,13,26,yes,no,one-year,east,wireless,1
56,13,117.9,1551.7,2,202.58,7,12,no,yes,month-to-month,north,fiber,1
60,22,56.32,1364.04,5,204.87,5,20,yes,yes,month-to-month,north,fiber,1
28,22,25.0,645.0,4,68.93,15,9,yes,yes,one-year,east,fiber,0
28,20,74.95,1521.0,2,216.95,6,-13,no,yes,month-to-month,south,dsl,0
53,23,86.75,2087.25,5,338.12,16,15,yes,yes,month-to-month,west,fiber,1
25,16,36.36,600.76,5,170.29,7,-6,no,yes,month-to-month,north,fiber,0
46,23,106.4,2566.2,4,257.52,7,22,yes,no,month-to-month,north,dsl,1
57,30,62.8,1900.0,4,321.29,8,23,no,yes,month-to-month,east,wireless,1
43,19,54.04,1042.76,6,373.85,8,1,no,no,month-to-month,south,fiber,1
68,27,44.36,1325.72,3,376.54,4,0,yes,no,two-year,north,fiber,1
57,44,53.19,2462.36,3,263.26,6,9,yes,no,two-year,east,fiber,0
30,21,61.31,1312.51,5,113.94,5,-5,no,yes,two-year,north,fiber,0
66,14,75.5,1052.0,2,474.73,15,-22,no,no,month-to-month,east,fiber,1
75,20,93.33,1897.6,4,132.33,3,-6,no,yes,one-year,south,dsl,1
25,23,44.36,1030.28,3,180.53,10,6,no,yes,month-to-month,north,dsl,0
85,26,68.56,1889.56,3,288.0,11,6,yes,no,one-year,south,dsl,1
79,34,102.31,3485.54,2,198.58,11,21,no,yes,month-to-month,west,dsl,0
40,26,29.74,877.24,3,207.32,12,32,yes,no,one-year,south,wireless,1
59,21,81.32,1702.72,3,334.6,15,21,no,no,month-to-month,west,fiber,1
47,16,65.78,1074.48,1,518.19,6,-21,no,no,two-year,north,dsl,0
44,13,25.0,390.0,7,207.23,25,32,yes,yes,two-year,west,wireless,0
85,35,85.61,3049.35,5,602.32,29,-1,yes,yes,month-to-month,south,fiber,1
21,6,88.94,658.64,1,259.73,5,26,yes,yes,one-year,east,fiber,0
34,23,79.0,1954.0,4,208.55,1,18,yes,yes,two-year,east,wireless,0
44,26,78.11,2064.86,3,277.74,2,3,no,yes,month-to-month,west,fiber,1
43,41,74.09,3065.69,3,294.91,4,-3,no,yes,one-year,south,dsl,1
40,8,96.8,787.4,1,158.26,9,31,no,yes,one-year,north,fiber,0
18,26,64.37,1698.62,0,298.82,5,12,no,yes,one-year,north,dsl,0
18,20,59.91,1326.2,1,263.26,4,6,yes,yes,month-to-month,west,fiber,0
25,13,33.69,423.97,3,560.84,18,-25,no,yes,month-to-month,east,fiber,0
56,18,69.37,1273.66,2,386.32,5,-18,no,no,one-year,west,dsl,1
31,31,42.52,1337.12,5,143.34,7,0,no,no,one-year,north,fiber,0
53,25,114.76,2864.0,4,182.67,15,22,no,no,month-to-month,south,fiber,1
81,15,55.52,939.8,3,387.02,11,33,yes,yes,month-to-month,north,fiber,1
52,27,67.22,1848.94,1,408.99,2,-27,no,yes,one-year,west,fiber,0
74,18,55.62,1126.16,2,340.92,5,24,yes,yes,one-year,east,fiber,1
18,18,94.88,1835.84,2,340.96,4,7,yes,yes,two-year,west,fiber,0
28,31,53.01,1747.31,4,661.66,12,-26,yes,no,one-year,north,wireless,0
57,16,87.35,1534.6,1,388.03,1,1,yes,yes,two-year,east,fiber,0
36,20,82.66,1678.2,1,195.95,5,30,no,no,two-year,east,dsl,0
36,6,35.26,321.56,10,322.33,10,37,yes,yes,month-to-month,south,fiber,1
62,8,102.1,826.8,5,88.78,10,17,no,no,two-year,west,fiber,1
29,33,91.59,3035.47,0,97.44,9,34,no,no,month-to-month,west,wireless,0
71,9,107.5,1104.5,7,155.92,1,56,yes,no,month-to-month,west,fiber,0
39,24,58.78,1411.72,3,66.67,13,11,no,no,two-year,east,wireless,0
22,28,104.69,2953.32,4,299.88,6,42,no,no,one-year,north,fiber,0
69,21,52.49,1224.29,2,380.15,6,15,yes,yes,one-year,south,wireless,1
73,30,101.98,3190.4,4,172.45,3,8,yes,no,one-year,west,fiber,1
58,31,98.09,3177.79,3,284.34,1,1,yes,yes,month-to-month,north,wireless,0
42,27,61.07,1758.89,2,154.46,10,23,yes,no,two-year,east,dsl,0
52,39,97.6,3828.4,5,180.61,6,-1,no,no,month-to-month,east,fiber,1
22,26,68.45,1804.7,7,213.55,5,19,no,no,month-to-month,east,fiber,1
32,35,46.51,1652.85,7,261.39,5,40,no,yes,one-year,west,fiber,0
63,11,122.76,1363.36,2,215.99,9,1,no,no,two-year,south,wireless,1
31,29,96.67,2843.43,3,228.36,0,8,no,yes,month-to-month,south,fiber,0
74,30,39.07,1282.1,4,422.15,10,25,yes,no,month-to-month,north,fiber,1
19,46,50.77,2342.42,2,161.87,11,-19,no,yes,two-year,south,wireless,0
23,16,46.38,740.08,1,150.17,14,4,no,yes,two-year,north,dsl,0
39,36,36.75,1309.0,4,349.11,18,27,no,yes,two-year,south,wireless,0
44,30,35.87,1092.1,3,633.39,8,-39,no,yes,month-to-month,west,wireless,0
45,20,43.46,970.2,1,376.26,13,-9,yes,no,month-to-month,west,dsl,0
68,34,81.83,2892.22,2,455.23,10,-22,yes,yes,month-to-month,south,wireless,1
33,25,38.47,1056.75,0,517.71,15,-3,yes,no,two-year,south,fiber,0
32,20,62.53,1236.6,2,302.51,18,33,no,yes,month-to-month,west,fiber,0
45,40,25.0,989.0,5,297.84,17,44,no,yes,month-to-month,north,dsl,0
36,30,40.74,1220.2,1,368.65,14,-9,no,no,two-year,north,fiber,0
68,40,142.64,5812.6,3,151.16,11,-1,yes,no,month-to-month,north,wireless,1
85,5,115.44,557.2,6,396.86,20,12,no,no,two-year,east,wireless,1
73,22,99.86,2200.92,0,443.27,12,-15,no,yes,two-year,north,dsl,0
67,33,78.17,2716.61,4,265.91,1,25,yes,no,two-year,west,dsl,0
62,32,94.37,3156.84,5,138.61,1,29,yes,yes,month-to-month,south,wireless,0
18,20,90.33,1943.6,1,363.24,1,30,yes,no,month-to-month,south,dsl,0
47,21,111.8,2372.8,3,388.75,5,0,no,no,one-year,south,fiber,1
37,9,48.58,547.22,6,142.88,10,6,yes,no,one-year,east,fiber,1
72,35,79.88,2820.8,1,359.9,5,0,no,yes,two-year,east,wireless,0
55,13,46.04,617.52,4,284.9,7,19,no,no,month-to-month,east,dsl,0
36,29,25.0,708.0,2,431.9,19,-11,no,yes,two-year,east,wireless,0
60,22,28.06,627.32,2,234.19,10,40,no,yes,one-year,east,wireless,1
53,13,45.88,615.44,3,373.29,7,-6,no,yes,two-year,west,dsl,0
19,34,43.87,1595.58,1,194.55,12,-7,yes,yes,two-year,west,dsl,0
52,30,185.0,5600.0,7,313.57,30,30,yes,no,one-year,west,wireless,1
45,35,67.44,2467.4,3,83.92,11,4,yes,no,one-year,north,dsl,0
53,24,67.27,1751.48,2,472.6,1,-11,yes,no,month-to-month,north,wireless,0
74,22,68.26,1629.72,8,91.31,4,6,yes,yes,month-to-month,south,wireless,1
18,27,107.17,2912.59,3,244.58,7,37,no,yes,month-to-month,east,dsl,0
45,3,53.41,167.23,2,329.66,11,10,no,yes,one-year,south,wireless,0
28,41,64.36,2745.76,1,209.39,11,30,yes,no,one-year,south,wireless,0
24,13,67.86,1010.18,2,243.89,4,10,yes,yes,month-to-month,west,wireless,0
53,25,54.87,1399.75,0,380.76,4,-10,no,no,one-year,west,dsl,0
24,20,47.32,1056.4,5,103.86,10,-29,yes,yes,month-to-month,west,fiber,0
52,11,55.64,722.04,7,340.94,10,30,yes,yes,one-year,south,fiber,1
40,26,25.0,645.0,1,460.1,15,-17,no,no,two-year,east,dsl,0
42,33,51.64,1720.12,2,216.73,8,18,no,no,month-to-month,south,fiber,1
62,36,110.05,4032.8,4,352.64,23,32,yes,no,two-year,south,wireless,1
65,15,75.12,1115.8,4,454.45,17,-3,no,no,month-to-month,south,fiber,1
54,21,68.49,1463.29,2,405.13,5,2,no,yes,month-to-month,south,dsl,0
30,25,70.28,1873.0,2,148.41,8,17,yes,yes,month-to-month,south,fiber,0
31,30,95.97,2901.1,1,156.19,6,11,no,yes,one-year,west,wireless,0
18,30,67.01,2014.3,2,231.41,12,17,no,no,two-year,north,dsl,0
39,20,25.0,498.0,6,25.08,14,-19,no,yes,two-year,east,fiber,0
18,39,64.85,2530.15,1,175.61,13,28,no,yes,month-to-month,east,fiber,0
18,22,25.0,503.0,1,410.88,29,2,no,yes,month-to-month,north,wireless,0
39,23,54.85,1359.55,1,384.96,14,10,yes,no,one-year,south,dsl,0
48,20,62.53,1260.6,2,383.34,10,20,no,yes,month-to-month,south,fiber,0
37,31,38.26,1299.06,6,92.08,9,-4,yes,no,month-to-month,east,wireless,0
35,34,62.08,2208.72,0,150.32,14,5,yes,no,month-to-month,south,wireless,0
79,43,80.34,3564.62,4,426.7,10,-8,yes,yes,one-year,north,wireless,1
46,16,55.96,899.36,4,338.18,12,20,no,yes,two-year,north,dsl,0
44,22,91.57,2054.54,5,231.18,0,2,no,no,one-year,east,dsl,0
46,29,61.44,1897.76,1,435.91,8,-9,yes,yes,two-year,west,wireless,0
61,20,65.67,1344.4,0,374.79,3,-13,no,no,month-to-month,south,dsl,0
68,26,109.13,2968.38,5,72.26,3,5,yes,no,month-to-month,west,dsl,1
79,11,99.98,1130.78,4,188.06,3,12,no,yes,month-to-month,east,fiber,1
43,21,25.0,623.0,2,369.08,14,-11,yes,no,one-year,west,dsl,0
65,12,79.11,980.32,1,371.29,3,-14,no,yes,two-year,west,fiber,0
33,36,52.7,1880.2,4,262.56,19,25,no,yes,one-year,east,fiber,0
47,34,34.02,1154.68,3,299.09,14,20,no,yes,one-year,east,fiber,0
20,25,63.65,1704.25,1,213.15,9,13,yes,yes,one-year,west,fiber,0
25,19,85.42,1735.98,2,237.82,9,1,yes,yes,month-to-month,south,wireless,0
45,45,82.42,3836.9,0,241.03,4,34,yes,yes,two-year,south,fiber,0
38,22,49.83,1103.26,2,142.16,11,28,no,no,month-to-month,north,dsl,1
52,17,97.07,1675.19,2,259.01,5,11,no,yes,month-to-month,west,wireless,1
56,36,69.76,2627.36,3,401.61,8,-9,yes,no,month-to-month,west,fiber,1
79,46,95.94,4393.24,2,513.66,20,-17,no,yes,month-to-month,north,fiber,1
77,21,114.78,2414.38,3,312.84,12,6,no,no,month-to-month,east,dsl,1
58,27,44.96,1235.92,2,346.08,6,11,no,yes,two-year,south,dsl,0
51,38,64.13,2449.94,4,230.13,9,32,no,no,month-to-month,north,wireless,0
67,18,59.44,1188.92,3,463.16,7,-29,yes,yes,month-to-month,west,wireless,1
49,30,115.02,3551.6,4,195.52,13,16,yes,yes,one-year,south,wireless,1
49,40,118.0,4745.0,4,205.27,5,-3,no,yes,one-year,north,dsl,1
57,22,134.57,2979.54,2,114.65,7,7,no,yes,month-to-month,east,fiber,1
19,15,25.3,344.5,1,499.73,25,-10,no,yes,one-year,east,dsl,0
74,13,116.52,1612.76,0,340.5,14,-4,yes,yes,month-to-month,north,fiber,0
56,24,64.31,1674.44,1,394.35,3,-1,yes,no,two-year,east,wireless,0
30,6,97.06,616.36,1,256.02,2,27,no,yes,month-to-month,east,fiber,0
25,45,46.54,2110.3,3,199.92,8,12,no,yes,one-year,north,fiber,0
18,46,54.46,2518.16,0,262.13,9,-1,no,yes,month-to-month,north,wireless,0
53,29,67.53,1992.37,2,588.91,2,-43,no,no,month-to-month,east,dsl,0
64,23,119.91,2764.93,3,352.66,11,18,no,yes,month-to-month,south,fiber,1
19,8,87.0,836.0,0,324.94,0,25,yes,yes,month-to-month,west,dsl,0
32,29,69.02,2135.58,4,209.12,2,-1,yes,yes,two-year,west,wireless,0
54,32,86.97,2817.04,1,393.66,2,15,no,no,month-to-month,west,dsl,0
72,22,55.06,1242.32,6,187.85,3,14,no,no,month-to-month,south,wireless,1
44,17,31.9,637.3,5,233.77,15,36,yes,yes,one-year,west,fiber,0
48,18,40.99,835.82,4,154.33,14,33,yes,no,month-to-month,south,wireless,0
83,36,118.96,4277.56,3,330.05,15,10,no,no,month-to-month,south,wireless,0
24,31,70.35,2296.85,1,176.73,8,10,yes,yes,two-year,north,fiber,0
57,27,61.93,1770.11,5,473.46,14,-11,yes,no,month-to-month,north,fiber,1
24,12,103.74,1269.88,3,220.09,5,24,no,yes,one-year,east,fiber,1
62,19,139.16,2663.04,4,90.18,7,5,no,yes,month-to-month,east,dsl,1
60,17,124.15,2093.55,3,259.66,19,20,no,yes,month-to-month,south,fiber,1
44,18,50.87,1046.66,4,566.77,3,-47,yes,yes,two-year,east,dsl,0
69,23,86.04,1988.92,3,354.99,10,11,no,no,month-to-month,south,fiber,1
52,14,41.88,696.32,7,392.99,10,18,yes,no,month-to-month,east,fiber,1
49,24,70.87,1831.88,2,509.24,3,-21,yes,yes,one-year,south,fiber,0
18,25,95.19,2407.75,2,312.98,4,25,no,yes,month-to-month,west,fiber,0
50,15,63.28,968.2,5,315.53,7,21,no,yes,one-year,west,fiber,1
56,9,78.3,732.7,2,353.37,4,8,no,no,month-to-month,south,wireless,0
59,1,80.8,120.8,2,355.86,0,17,no,yes,two-year,south,dsl,0
55,19,60.32,1165.08,6,53.91,7,11,no,yes,two-year,south,dsl,0
38,32,79.93,2664.76,1,104.15,11,32,yes,yes,one-year,west,wireless,0
18,15,83.97,1272.55,3,316.12,9,4,no,yes,two-year,south,wireless,0
77,17,88.45,1616.65,2,344.6,9,14,yes,no,one-year,north,wireless,0
37,44,69.15,3161.6,3,132.1,7,1,yes,no,two-year,north,dsl,0
59,30,68.74,2099.2,2,364.6,1,-4,no,yes,month-to-month,south,fiber,0
55,19,80.95,1569.05,1,544.99,3,-27,no,no,two-year,south,fiber,0
52,18,94.67,1741.06,1,453.13,1,-17,no,yes,one-year,west,wireless,0
46,30,64.85,1967.5,1,469.16,6,-18,no,no,one-year,north,fiber,0
55,25,40.05,1020.25,4,305.79,7,19,no,yes,one-year,south,fiber,0
82,19,110.34,2100.46,3,132.32,12,31,no,yes,two-year,west,dsl,0
61,13,86.11,1144.43,4,361.53,5,-19,no,no,month-to-month,west,dsl,1
65,26,53.87,1522.62,5,378.24,6,-18,yes,no,month-to-month,south,dsl,1
46,27,61.29,1788.83,7,132.62,2,0,yes,yes,two-year,south,fiber,0
69,39,64.7,2536.3,2,463.17,9,-13,no,yes,month-to-month,south,fiber,1
22,32,25.0,895.0,4,94.24,15,-17,yes,yes,two-year,west,dsl,0
53,25,62.43,1649.75,6,159.95,17,-1,yes,no,one-year,north,wireless,1
58,18,73.1,1340.8,4,317.78,5,25,no,yes,two-year,west,wireless,0
25,36,95.02,3539.72,1,162.4,7,33,yes,no,two-year,east,wireless,0
18,10,57.07,583.7,2,331.73,9,8,no,no,month-to-month,east,wireless,0
45,38,117.22,4452.36,5,369.42,14,19,no,yes,month-to-month,north,dsl,1
24,39,89.96,3533.44,1,273.13,5,23,no,no,two-year,south,fiber,0
63,24,77.62,1987.88,2,299.83,5,15,yes,yes,month-to-month,south,dsl,1
57,21,45.21,1083.41,4,264.47,2,38,yes,no,month-to-month,north,dsl,1
46,21,34.15,724.15,2,391.88,11,-16,no,yes,one-year,east,dsl,0
45,30,34.98,1053.4,5,87.43,12,-10,no,no,two-year,west,dsl,0
47,1,58.83,80.83,8,26.05,6,-20,no,no,one-year,east,dsl,0
59,38,63.29,2409.02,4,376.71,12,14,no,no,month-to-month,west,fiber,1
29,28,59.14,1665.92,2,132.56,10,5,no,no,one-year,north,dsl,0
22,10,70.11,811.1,3,137.05,10,16,yes,no,month-to-month,south,fiber,1
34,16,52.16,841.56,5,76.94,11,-15,no,yes,one-year,north,wireless,0
51,38,77.0,2918.0,7,400.37,16,11,no,no,month-to-month,east,fiber,1
49,28,87.95,2584.6,3,214.62,6,6,yes,no,month-to-month,west,fiber,1
57,31,74.74,2456.94,5,224.58,0,26,yes,yes,two-year,east,dsl,0
45,29,86.7,2536.3,0,389.28,6,-8,no,no,one-year,north,dsl,0
33,21,49.64,1064.44,5,123.71,6,5,no,no,two-year,south,dsl,0
77,24,67.0,1609.0,3,410.12,13,25,no,no,one-year,east,fiber,1
41,23,66.59,1556.57,2,529.75,5,-19,no,yes,month-to-month,south,dsl,0
35,35,79.36,2905.6,4,154.87,4,2,yes,no,two-year,west,dsl,0
62,22,35.0,801.0,4,359.2,3,21,no,yes,month-to-month,west,wireless,1
39,30,96.49,2928.7,2,223.31,2,10,no,no,two-year,east,wireless,0
18,8,87.64,823.12,6,413.64,6,9,yes,yes,month-to-month,south,dsl,0
61,44,74.45,3291.8,7,37.25,8,-4,no,no,month-to-month,south,fiber,1
73,25,109.71,2776.75,4,163.05,2,-3,no,no,month-to-month,north,dsl,1
53,28,73.79,2103.12,1,538.47,1,-11,no,yes,month-to-month,south,fiber,0
32,33,59.98,1980.34,1,123.6,13,27,no,no,month-to-month,south,dsl,0
45,8,60.15,482.2,4,262.03,13,20,no,yes,two-year,east,dsl,0
78,14,49.89,732.46,4,284.03,2,8,no,no,two-year,east,wireless,0
51,35,102.68,3712.8,5,130.73,7,14,yes,no,month-to-month,north,fiber,1
28,38,74.68,2859.84,2,151.75,6,11,no,yes,one-year,south,dsl,0
60,16,84.85,1394.6,0,444.31,1,-8,no,no,one-year,north,wireless,0
47,36,59.55,2168.8,1,533.56,5,-17,no,no,two-year,north,dsl,0
52,15,52.65,790.75,8,392.54,13,23,no,yes,month-to-month,west,fiber,1
37,24,60.6,1467.4,2,553.56,9,-21,no,yes,two-year,north,wireless,0
20,39,57.92,2265.88,6,190.02,11,19,no,no,month-to-month,south,fiber,1
45,34,62.68,2144.12,2,183.2,9,17,no,no,one-year,north,dsl,0
27,28,42.69,1196.32,2,100.04,13,0,no,no,month-to-month,west,fiber,0
77,31,85.11,2675.41,7,156.32,1,56,no,no,month-to-month,east,dsl,0
57,34,95.11,3231.74,2,396.57,14,-17,no,yes,month-to-month,south,fiber,1
45,4,85.47,375.88,2,196.37,2,32,no,no,month-to-month,south,fiber,0
46,17,25.0,544.0,6,175.25,7,-1,yes,yes,two-year,east,fiber,0
69,27,79.8,2185.6,3,237.17,3,11,no,yes,month-to-month,west,wireless,0
43,20,50.0,1116.0,2,442.01,8,-26,yes,yes,one-year,north,fiber,0
41,40,54.65,2190.0,0,177.36,12,49,no,yes,month-to-month,west,fiber,0
27,43,68.33,3042.19,1,134.07,12,38,yes,yes,month-to-month,west,dsl,0
42,23,62.4,1436.2,2,307.72,13,30,no,yes,month-to-month,west,wireless,0
31,32,43.63,1406.16,5,58.0,10,4,no,no,one-year,east,fiber,0
66,30,97.42,2999.6,3,496.33,21,-22,yes,yes,month-to-month,east,dsl,1
30,7,44.78,323.46,3,166.93,10,0,no,yes,one-year,south,fiber,0
24,23,78.22,1921.06,1,318.43,6,-12,yes,yes,one-year,east,fiber,0
52,18,99.33,1921.94,4,199.9,2,-2,yes,yes,month-to-month,east,fiber,1
75,14,127.5,1789.0,2,247.05,12,4,no,yes,month-to-month,east,wireless,1
18,18,58.71,1078.78,2,233.92,6,-3,no,yes,one-year,south,fiber,0
56,46,38.64,1881.44,4,276.81,12,4,yes,no,two-year,west,fiber,1
18,10,77.27,797.7,3,427.37,5,12,no,no,one-year,west,dsl,0
63,34,58.02,2009.68,2,402.67,1,-4,no,yes,two-year,north,wireless,0
81,20,66.43,1438.6,2,445.52,10,2,yes,yes,month-to-month,west,fiber,1
24,34,41.72,1398.48,2,364.05,20,2,no,yes,two-year,east,dsl,0
62,33,53.66,1862.78,7,399.83,16,34,yes,no,one-year,west,fiber,1
72,34,77.75,2762.5,8,58.7,7,5,yes,no,month-to-month,south,fiber,1
52,33,50.66,1702.78,6,190.8,3,6,no,yes,two-year,south,dsl,0
71,33,82.92,2749.36,0,418.78,9,-7,no,yes,month-to-month,west,dsl,0
25,13,34.23,448.99,2,222.66,12,-5,no,yes,month-to-month,north,dsl,0
38,28,85.79,2418.12,3,209.39,8,3,no,yes,one-year,west,fiber,1
31,58,58.29,3393.82,4,90.82,9,-2,no,yes,two-year,south,fiber,0
55,15,73.31,1112.65,5,206.56,9,46,no,yes,month-to-month,east,dsl,0
47,25,42.98,1193.5,1,398.0,7,-17,yes,yes,month-to-month,south,fiber,0
18,17,71.04,1220.68,2,265.75,9,15,no,yes,month-to-month,east,wireless,0
39,15,35.62,629.3,3,333.93,15,-6,yes,no,month-to-month,south,wireless,0
54,26,69.61,1916.86,5,326.39,11,19,yes,no,one-year,north,wireless,1
62,37,67.01,2595.37,5,188.48,8,7,yes,no,month-to-month,south,wireless,1
42,35,89.6,3273.0,5,162.03,1,-11,yes,no,one-year,north,dsl,0
41,15,101.43,1537.45,6,45.74,8,2,no,yes,month-to-month,west,dsl,1
18,19,94.17,1823.23,1,320.42,2,7,no,yes,month-to-month,west,fiber,0
30,19,182.52,3459.88,5,256.2,16,7,no,yes,month-to-month,south,dsl,1
63,32,68.08,2209.56,3,222.49,3,14,no,yes,one-year,east,dsl,0
61,11,78.01,995.11,3,330.28,1,18,yes,no,two-year,south,dsl,0
34,26,28.66,852.16,5,111.53,11,-13,yes,yes,two-year,east,wireless,0
25,32,77.03,2595.96,4,152.08,3,-20,yes,no,month-to-month,west,fiber,0
38,40,66.14,2676.6,3,271.88,3,11,no,yes,two-year,west,fiber,0
63,13,56.71,774.23,3,431.1,1,-9,no,no,two-year,south,wireless,0
69,31,92.66,2864.46,2,414.43,16,-6,no,yes,one-year,west,fiber,1
65,12,104.0,1361.0,3,338.67,9,11,yes,yes,month-to-month,south,fiber,1
62,25,86.25,2130.25,6,448.18,22,7,no,no,month-to-month,west,wireless,1
25,46,39.18,1791.28,2,86.81,17,4,no,yes,month-to-month,north,dsl,0
39,41,54.96,2260.36,0,467.71,11,-27,no,yes,month-to-month,east,dsl,0
45,19,117.46,2253.74,2,269.9,6,7,no,yes,month-to-month,east,fiber,1
54,35,128.93,4574.55,5,414.8,26,28,yes,no,month-to-month,east,fiber,1
61,16,74.96,1312.36,2,372.49,9,-1,yes,no,month-to-month,north,wireless,1
61,20,137.87,2849.4,2,211.13,16,12,yes,yes,one-year,west,fiber,1
37,30,60.92,1837.6,0,213.98,10,28,no,yes,one-year,north,dsl,0
35,54,68.25,3807.5,1,230.26,6,38,yes,no,month-to-month,east,fiber,0
39,26,56.88,1597.88,6,153.35,7,9,yes,yes,two-year,south,fiber,1
23,22,30.93,802.46,7,251.81,6,17,yes,yes,two-year,south,wireless,1
39,27,30.7,923.9,1,440.84,15,-19,yes,yes,two-year,east,dsl,0
41,11,55.91,625.01,3,115.73,10,9,no,yes,two-year,south,dsl,0
18,17,47.6,810.2,1,263.23,13,10,no,no,one-year,north,fiber,0
48,26,110.74,2983.24,2,217.31,12,20,yes,yes,two-year,north,dsl,1
57,44,83.26,3803.44,0,403.98,0,-6,yes,yes,month-to-month,south,wireless,0
61,11,79.62,900.82,5,268.38,5,38,no,no,one-year,east,dsl,0
29,21,40.41,831.61,0,378.54,19,-6,no,yes,month-to-month,west,fiber,0
59,37,75.47,2887.39,6,327.43,15,37,yes,no,month-to-month,north,dsl,1
49,19,53.74,1040.06,0,387.93,7,-16,no,yes,month-to-month,south,wireless,0
31,19,25.0,479.0,7,25.02,12,-4,no,no,one-year,north,dsl,0
84,28,118.48,3315.44,4,253.6,14,10,no,yes,two-year,north,wireless,0
32,32,69.34,2246.88,5,307.38,4,-6,no,no,month-to-month,east,dsl,1
33,9,70.5,747.5,2,143.32,9,-4,yes,yes,month-to-month,east,wireless,0
32,38,98.34,3770.92,3,217.22,2,16,no,yes,two-year,north,dsl,0
50,27,80.94,2222.38,1,391.92,1,-3,no,yes,one-year,north,fiber,0
36,15,25.0,385.0,5,186.11,10,1,no,no,one-year,north,fiber,0
61,36,109.82,3969.52,3,252.96,8,15,no,no,month-to-month,west,fiber,1
48,33,95.54,3186.82,3,201.15,2,17,no,no,month-to-month,west,wireless,0
68,25,56.61,1525.25,4,380.26,10,24,yes,no,month-to-month,north,wireless,1
59,13,68.72,1027.36,3,243.12,2,8,yes,yes,two-year,north,dsl,0
75,14,99.28,1375.92,2,282.76,18,25,no,yes,month-to-month,west,fiber,1
56,17,62.87,1190.79,4,244.24,6,22,yes,yes,one-year,west,fiber,0
57,32,63.96,2065.72,4,326.33,7,28,no,yes,two-year,south,wireless,0
74,17,107.78,1836.26,0,474.13,12,5,no,no,two-year,north,dsl,0
35,19,72.46,1395.74,1,227.75,7,10,no,no,month-to-month,north,fiber,0
61,21,54.55,1173.55,3,288.67,4,18,no,yes,month-to-month,east,dsl,0
35,39,65.46,2568.94,2,154.33,8,27,no,yes,month-to-month,south,fiber,0
61,35,94.25,3293.75,4,124.18,15,-8,no,no,one-year,north,fiber,0
51,19,76.49,1481.31,1,347.86,4,9,no,yes,one-year,east,dsl,0
18,14,30.4,423.6,0,172.93,14,7,no,no,month-to-month,north,fiber,0
44,23,81.22,1905.06,5,212.91,1,3,no,yes,two-year,west,wireless,0
65,29,82.27,2395.83,6,147.98,10,5,no,no,month-to-month,south,fiber,1
50,41,62.7,2601.7,1,454.69,3,-15,no,yes,month-to-month,north,fiber,0
31,18,54.12,1078.16,2,119.73,12,-2,yes,yes,one-year,east,fiber,0
58,29,100.42,3046.18,4,107.6,2,17,yes,yes,month-to-month,south,wireless,1
37,15,67.82,1136.3,4,109.92,7,6,yes,yes,month-to-month,west,dsl,0
53,34,60.01,2156.34,5,285.04,8,24,yes,yes,month-to-month,east,dsl,0
32,22,84.09,1980.98,2,240.15,3,-3,yes,no,two-year,north,fiber,0
64,15,73.79,1146.85,3,343.16,0,-3,no,no,one-year,east,fiber,0
78,25,46.85,1248.25,8,450.17,21,51,yes,yes,month-to-month,south,fiber,1
20,34,66.23,2355.82,1,188.63,12,2,yes,yes,one-year,west,wireless,0
29,29,52.07,1541.03,6,272.69,3,13,no,yes,month-to-month,south,wireless,1
33,9,88.55,924.95,2,198.08,4,16,yes,yes,month-to-month,east,fiber,0
59,29,63.28,1854.12,5,298.09,7,36,no,no,month-to-month,north,fiber,1
59,12,55.26,794.12,2,325.34,3,-4,yes,yes,month-to-month,south,wireless,0
52,15,43.85,770.75,8,300.37,9,52,yes,yes,month-to-month,west,fiber,1
58,32,116.88,3744.16,2,307.48,12,9,no,yes,one-year,west,wireless,1
18,1,86.26,126.26,1,319.63,0,25,no,yes,two-year,north,fiber,0
52,26,100.78,2636.28,1,139.06,8,10,no,yes,two-year,north,wireless,0
34,12,28.21,333.52,5,50.12,15,-18,no,no,two-year,west,wireless,0
68,20,87.49,1774.8,1,455.15,5,4,no,yes,month-to-month,west,wireless,0
71,30,72.44,2262.2,2,338.94,17,29,yes,no,two-year,north,dsl,1
36,16,43.25,781.0,3,375.34,17,1,yes,yes,month-to-month,south,dsl,0
66,16,95.89,1559.24,4,189.67,5,-6,no,yes,two-year,south,wireless,1
60,41,85.25,3520.25,2,502.19,5,-33,no,no,two-year,west,fiber,0
84,24,97.17,2345.08,4,211.55,9,43,no,no,two-year,north,dsl,0
32,28,51.22,1420.16,3,371.51,18,23,no,no,two-year,north,wireless,0
82,21,79.79,1694.59,5,154.71,7,38,no,yes,one-year,east,wireless,0
44,16,78.44,1286.04,4,179.22,3,-6,no,yes,month-to-month,north,wireless,0
65,12,129.82,1649.84,3,254.37,16,19,yes,no,month-to-month,east,fiber,1
85,38,106.88,4068.44,4,102.87,11,52,no,yes,one-year,south,wireless,0
47,16,38.09,619.44,2,318.64,10,-8,no,yes,month-to-month,south,wireless,0
22,19,93.3,1791.7,2,244.3,7,18,no,yes,one-year,south,fiber,0
33,19,80.45,1565.55,3,224.71,1,4,no,yes,two-year,east,dsl,0
60,6,60.85,399.1,1,440.63,2,-23,no,no,month-to-month,north,fiber,0
46,18,29.16,622.88,2,342.12,14,31,yes,yes,two-year,east,fiber,0
49,20,96.03,1945.6,3,310.7,5,11,no,yes,two-year,west,wireless,1
44,21,147.25,3084.25,3,241.52,16,13,no,yes,two-year,west,dsl,1
77,37,82.64,3031.68,4,522.23,22,-3,no,yes,two-year,north,dsl,1
50,4,50.64,333.56,3,344.02,3,3,yes,yes,month-to-month,north,wireless,1
68,37,53.36,1996.32,7,125.28,6,48,no,yes,two-year,north,dsl,0
53,30,41.34,1374.2,3,380.13,2,-5,yes,yes,one-year,south,wireless,1
49,11,56.03,738.33,4,388.55,6,-9,yes,no,month-to-month,south,fiber,1
52,22,50.53,1127.66,4,258.9,8,33,no,yes,one-year,east,wireless,0
59,22,128.83,2968.26,2,237.03,2,17,yes,yes,two-year,north,fiber,0
71,30,75.22,2354.6,2,418.93,14,4,yes,no,month-to-month,north,wireless,1
18,30,93.62,2827.6,2,278.61,7,-11,no,no,one-year,south,fiber,0
30,11,147.22,1629.42,5,86.74,10,13,no,no,month-to-month,east,fiber,1
67,28,38.99,1095.72,7,376.45,12,46,no,yes,month-to-month,south,wireless,1
49,8,68.62,573.96,0,391.82,5,-2,no,yes,one-year,east,dsl,0
53,29,77.86,2355.94,5,391.29,14,0,yes,no,one-year,south,dsl,1
39,20,61.66,1361.2,5,289.65,4,10,yes,no,month-to-month,west,fiber,1
40,34,71.58,2558.72,2,255.13,5,6,yes,no,month-to-month,west,wireless,1
68,38,102.53,3912.14,0,375.92,8,8,no,yes,month-to-month,south,fiber,0
76,20,93.19,1849.8,2,484.14,18,-15,no,no,month-to-month,south,fiber,1
46,10,51.74,512.4,5,180.16,15,30,no,yes,two-year,south,fiber,0
19,25,67.98,1700.5,2,177.45,13,21,no,yes,month-to-month,north,dsl,0
61,28,157.2,4463.6,5,331.19,26,23,yes,no,month-to-month,east,fiber,1
64,33,108.43,3658.19,3,422.72,20,-11,yes,no,month-to-month,west,fiber,1
62,27,64.41,1867.07,4,322.98,4,18,yes,yes,month-to-month,east,dsl,0
54,31,64.59,2012.29,6,203.84,10,5,no,no,one-year,west,fiber,1
35,49,36.71,1920.79,6,251.68,6,27,yes,yes,one-year,south,dsl,1
69,24,97.62,2376.88,2,277.08,2,20,no,yes,month-to-month,north,wireless,0
70,36,71.29,2685.44,6,65.02,7,5,yes,yes,month-to-month,west,fiber,1
49,30,60.5,1913.0,7,389.87,14,14,yes,yes,month-to-month,south,dsl,1
18,31,68.44,2228.64,3,265.68,11,13,yes,no,one-year,east,dsl,0
64,24,54.67,1319.08,4,418.57,11,9,no,yes,month-to-month,south,fiber,1
76,36,64.17,2332.12,6,342.07,6,-2,no,no,month-to-month,north,dsl,1
73,26,90.78,2479.28,4,339.58,7,2,yes,no,month-to-month,west,fiber,1
37,18,56.41,1140.38,4,195.73,5,10,yes,no,one-year,north,dsl,0
26,37,64.23,2404.51,4,205.99,4,-15,no,yes,two-year,west,fiber,0
30,35,92.99,3394.65,3,209.16,0,-6,yes,yes,two-year,west,dsl,0
64,22,106.67,2329.74,2,443.67,19,-19,no,yes,month-to-month,west,dsl,1
35,37,58.98,2195.26,3,149.36,9,-3,no,no,two-year,east,fiber,0
18,30,45.76,1482.8,1,219.5,10,-1,yes,no,one-year,east,dsl,0
31,47,119.03,5701.41,7,48.85,11,-3,yes,no,month-to-month,west,wireless,1
45,26,69.59,1849.34,7,173.9,0,-26,no,no,two-year,north,dsl,0
50,11,76.98,859.78,3,318.21,9,15,no,yes,two-year,south,dsl,0
27,23,106.21,2482.83,0,308.39,0,15,no,yes,two-year,east,wireless,0
74,22,84.76,1889.72,6,239.83,5,8,no,yes,month-to-month,south,dsl,1
44,11,60.04,685.44,5,317.16,5,8,no,no,month-to-month,south,dsl,1
59,17,75.56,1279.52,5,382.51,15,15,no,yes,one-year,south,wireless,1
45,1,59.31,84.31,5,149.68,5,11,no,no,month-to-month,east,wireless,0
38,23,41.64,1088.72,7,253.15,3,35,yes,no,month-to-month,west,fiber,1
37,15,47.18,799.7,2,255.97,16,17,yes,no,one-year,north,dsl,0
61,33,56.97,1911.01,4,250.19,3,6,no,yes,two-year,west,dsl,0
40,52,51.99,2713.48,0,463.2,10,-21,no,yes,month-to-month,east,wireless,0
69,33,83.69,2795.77,7,100.88,2,59,no,yes,month-to-month,west,dsl,0
25,34,79.87,2722.58,1,96.63,11,-3,no,yes,two-year,east,fiber,0
44,37,42.2,1668.4,1,382.94,11,-6,yes,yes,month-to-month,west,wireless,0
53,29,42.33,1243.57,2,328.0,8,-3,no,no,one-year,north,dsl,0
36,50,133.45,6803.5,2,198.7,3,6,yes,no,month-to-month,west,fiber,1
33,26,33.45,876.7,3,183.27,11,5,no,yes,month-to-month,north,dsl,0
85,32,138.62,4512.84,2,360.86,21,18,yes,yes,month-to-month,west,dsl,0
34,26,33.6,986.6,5,124.67,9,-19,yes,yes,month-to-month,west,wireless,0
18,14,87.79,1348.06,2,281.78,7,31,yes,yes,two-year,south,fiber,0
55,31,68.66,2162.46,4,183.93,2,8,no,no,month-to-month,south,wireless,1
76,18,103.72,1882.96,3,286.39,8,15,no,no,two-year,west,dsl,0
54,23,54.84,1292.32,3,291.29,3,21,no,no,month-to-month,south,fiber,1
78,27,103.42,2793.34,1,359.61,13,2,no,no,one-year,west,wireless,0
33,24,52.2,1277.8,5,147.11,5,5,no,no,one-year,north,dsl,0
46,28,68.85,2040.8,5,345.66,9,5,yes,yes,month-to-month,north,fiber,1
35,15,62.55,945.25,3,96.22,11,6,no,no,two-year,west,dsl,0
27,16,113.33,1953.28,0,303.37,0,-16,yes,yes,month-to-month,east,wireless,0
45,15,30.87,473.05,1,384.26,10,-20,no,no,one-year,west,fiber,0
53,26,70.93,1957.18,6,164.58,9,11,yes,yes,one-year,south,fiber,1
18,24,90.68,2198.32,1,267.06,6,5,no,no,two-year,east,fiber,0
61,33,78.74,2726.42,5,226.49,4,42,yes,no,two-year,east,fiber,0
47,11,52.04,579.44,7,357.73,11,18,no,no,month-to-month,east,wireless,1
44,28,95.15,2689.2,6,36.58,5,0,no,no,one-year,east,fiber,1
21,6,40.86,252.16,3,117.23,11,-14,no,yes,one-year,east,fiber,0
47,12,68.79,944.48,2,355.4,7,6,yes,yes,one-year,south,fiber,0
24,17,67.91,1173.47,3,154.11,7,-10,no,yes,month-to-month,north,dsl,0
63,37,38.41,1410.17,7,143.32,17,-3,no,yes,month-to-month,west,wireless,1
23,28,100.99,2843.72,5,250.03,8,-11,no,no,month-to-month,south,fiber,1
76,38,80.16,3056.08,3,369.31,10,6,no,yes,month-to-month,east,wireless,1
54,19,66.83,1297.77,3,368.8,4,-20,no,no,one-year,south,fiber,1
32,34,60.55,2074.7,3,145.37,8,7,no,yes,month-to-month,east,fiber,0
42,28,53.27,1498.56,4,89.62,11,4,no,no,month-to-month,east,wireless,0
74,25,96.26,2407.5,5,440.8,13,13,no,yes,month-to-month,south,fiber,1
66,26,74.65,1971.9,1,280.04,3,3,no,no,two-year,north,wireless,0
63,22,71.64,1707.08,0,476.93,3,-10,yes,no,one-year,north,wireless,0
31,15,126.19,2014.85,2,152.59,6,18,yes,no,month-to-month,east,fiber,1
66,22,86.07,1918.54,2,421.39,5,1,no,yes,two-year,west,fiber,0
63,37,177.72,6525.64,5,280.75,30,16,no,no,one-year,north,dsl,1
52,1,82.7,110.7,1,358.32,4,16,no,yes,month-to-month,east,fiber,0
25,22,91.07,2037.54,1,342.56,2,4,no,yes,two-year,south,fiber,0
51,25,160.67,4120.75,2,64.94,12,11,yes,yes,one-year,east,fiber,1
28,35,36.42,1378.7,4,87.18,12,0,yes,yes,two-year,west,fiber,0
69,20,64.05,1309.0,8,50.87,4,55,no,yes,month-to-month,south,wireless,0
31,31,25.0,764.0,1,545.75,17,-25,no,yes,two-year,south,fiber,0
46,30,74.31,2245.3,4,201.63,8,7,no,yes,month-to-month,north,fiber,1
52,31,62.08,2049.48,3,357.69,5,-6,yes,yes,month-to-month,north,dsl,1
57,20,62.32,1265.4,6,98.89,7,-3,no,no,one-year,north,dsl,0
62,48,102.85,4946.8,4,141.56,10,17,no,no,month-to-month,north,fiber,1
42,15,56.65,856.75,1,365.14,11,9,no,no,month-to-month,east,wireless,0
34,35,43.9,1555.5,5,114.59,7,-6,no,yes,two-year,south,fiber,0
30,38,38.28,1558.64,5,54.02,12,2,yes,yes,month-to-month,east,wireless,0
34,19,90.69,1742.11,1,215.91,7,41,no,yes,one-year,north,wireless,0
34,27,85.67,2317.09,5,70.77,12,10,no,yes,month-to-month,south,fiber,1
20,44,72.16,3279.04,2,254.71,12,2,yes,yes,month-to-month,east,dsl,0
56,21,89.58,1918.18,0,387.63,1,10,no,yes,two-year,west,dsl,0
39,32,38.93,1240.76,1,338.87,15,-2,no,yes,month-to-month,north,dsl,0
30,31,165.57,5118.67,4,207.02,18,23,no,no,month-to-month,west,wireless,1
56,34,88.97,3046.98,2,550.64,6,-44,no,no,month-to-month,east,wireless,0
72,18,84.49,1560.82,6,84.76,0,55,no,yes,month-to-month,east,dsl,0
44,25,41.77,1045.25,1,373.45,13,12,no,yes,month-to-month,south,dsl,0
59,16,75.58,1240.28,3,322.5,3,15,no,no,two-year,north,wireless,0
45,24,85.62,2076.88,3,114.52,6,18,no,yes,two-year,north,wireless,0
58,32,85.0,2857.0,1,423.61,1,5,yes,yes,month-to-month,east,dsl,0
28,23,110.34,2662.82,0,185.69,5,16,yes,no,two-year,south,dsl,0
49,34,74.08,2607.72,7,371.84,17,15,yes,yes,one-year,west,fiber,1
38,25,80.63,2040.75,4,131.79,5,9,no,no,two-year,south,wireless,0
55,29,51.03,1492.87,4,299.57,9,-9,no,no,month-to-month,north,fiber,1
51,32,90.36,2968.52,8,20.0,21,-24,yes,yes,month-to-month,west,dsl,1
49,25,68.19,1699.75,9,33.76,15,-6,no,yes,month-to-month,south,fiber,1
48,26,59.23,1561.98,5,146.73,6,4,no,yes,two-year,east,fiber,0
22,37,44.2,1618.4,1,37.89,19,4,no,yes,two-year,east,dsl,0
52,31,66.59,2080.29,2,315.32,8,14,no,yes,month-to-month,west,wireless,0
31,32,54.02,1735.64,3,170.72,11,-25,no,no,one-year,west,fiber,0
69,25,123.13,3173.25,2,314.94,15,15,yes,yes,two-year,east,dsl,1
18,18,64.64,1170.52,3,278.94,11,23,no,yes,two-year,east,fiber,0
72,15,107.09,1692.35,3,213.86,18,30,yes,no,two-year,west,fiber,1
32,24,32.67,879.08,0,386.0,15,-13,yes,no,two-year,south,dsl,0
51,39,125.51,4922.89,4,114.87,4,-1,no,no,month-to-month,north,fiber,1
70,28,91.27,2583.56,3,232.32,4,0,no,yes,month-to-month,south,fiber,1
69,8,33.69,285.52,4,396.84,8,24,no,no,month-to-month,south,fiber,1
31,13,61.57,828.41,2,216.28,4,36,no,yes,month-to-month,east,fiber,0
22,15,74.31,1127.65,0,178.32,9,8,no,yes,one-year,east,fiber,0
39,28,100.39,2841.92,2,299.5,3,6,no,yes,two-year,east,wireless,0
37,33,72.3,2410.9,3,159.36,5,27,no,no,month-to-month,north,wireless,0
60,15,60.14,912.1,5,358.96,10,22,no,yes,one-year,west,fiber,1
64,26,63.02,1769.52,4,257.67,3,33,yes,yes,one-year,south,dsl,0
49,28,59.83,1806.24,4,281.93,3,19,yes,yes,two-year,east,wireless,1
18,24,93.9,2387.6,2,352.15,2,24,yes,yes,month-to-month,east,fiber,0
52,31,76.58,2395.98,2,350.06,6,-13,no,no,month-to-month,south,wireless,1
51,1,81.25,76.25,5,413.81,15,-5,no,no,month-to-month,north,wireless,1
65,37,92.31,3546.47,2,312.06,3,18,yes,no,month-to-month,north,fiber,0
75,40,42.99,1744.6,12,20.0,5,-8,no,yes,two-year,west,fiber,0
66,22,83.82,1881.04,5,171.1,1,41,no,yes,two-year,west,wireless,0
50,16,54.09,881.44,2,405.18,8,-8,no,yes,month-to-month,east,dsl,0
47,24,86.22,2170.28,6,299.21,13,26,yes,yes,month-to-month,north,fiber,1
65,27,86.94,2369.38,0,490.97,6,-21,no,yes,one-year,south,fiber,0
35,32,63.38,2062.16,5,244.15,2,-17,no,no,one-year,east,dsl,0
50,1,29.33,39.33,3,353.27,10,8,no,yes,two-year,west,dsl,0
79,25,67.08,1675.0,2,445.44,14,7,no,no,one-year,north,dsl,1
58,17,74.74,1295.58,4,275.87,5,22,no,yes,two-year,north,wireless,0
47,10,121.11,1194.1,3,351.85,19,29,no,yes,month-to-month,west,fiber,1
48,18,46.35,850.3,6,320.11,8,29,no,yes,month-to-month,south,fiber,1
85,29,91.91,2648.39,2,243.62,19,16,no,no,two-year,south,fiber,1
36,33,92.28,3055.24,2,247.69,10,30,no,no,two-year,north,dsl,0
65,25,85.57,2252.25,3,379.8,9,-8,yes,no,one-year,east,fiber,1
42,16,86.57,1507.12,2,562.19,6,-8,yes,yes,two-year,west,wireless,0
50,19,42.88,848.72,4,367.31,2,2,no,yes,month-to-month,west,wireless,1
37,18,89.95,1650.1,4,228.14,3,16,no,yes,two-year,east,dsl,0
33,25,40.52,996.0,2,392.56,19,7,no,yes,month-to-month,east,dsl,0
53,28,69.51,2047.28,6,355.4,13,21,yes,no,month-to-month,north,fiber,1
50,25,51.29,1407.25,1,426.63,5,-15,yes,yes,month-to-month,east,dsl,0
25,32,75.57,2540.24,0,228.87,6,19,yes,yes,two-year,south,dsl,0
78,29,73.02,2145.58,4,133.99,4,32,no,yes,two-year,east,dsl,0
52,9,77.97,729.73,0,420.46,4,-16,no,yes,two-year,south,wireless,0
43,29,30.25,948.25,4,157.54,23,15,yes,no,one-year,south,dsl,1
30,21,25.0,475.0,6,195.33,30,35,no,yes,one-year,north,dsl,0
50,29,57.26,1655.54,6,176.37,15,41,no,yes,two-year,south,wireless,0
40,28,129.58,3744.24,3,133.54,8,4,yes,yes,month-to-month,north,fiber,1
71,25,70.37,1763.25,5,165.76,12,-5,no,yes,month-to-month,north,fiber,1
62,10,78.22,816.2,0,430.9,2,-11,no,no,month-to-month,west,dsl,0
35,20,93.44,1993.8,7,87.39,5,8,yes,no,one-year,east,fiber,1
72,23,75.67,1723.41,5,488.31,19,1,no,no,one-year,east,wireless,1
60,27,34.55,942.85,6,165.02,10,32,no,no,one-year,west,dsl,0
49,11,25.0,264.0,6,194.27,17,28,no,yes,month-to-month,west,wireless,0
49,43,55.41,2504.63,1,342.78,6,-15,yes,no,two-year,east,dsl,0
67,26,117.24,3079.24,8,20.0,3,0,no,yes,month-to-month,west,fiber,1
57,14,60.14,848.96,7,20.0,11,4,no,yes,two-year,south,wireless,0
85,12,93.33,1181.96,2,636.57,26,-27,yes,no,two-year,south,fiber,1
60,16,137.43,2302.88,2,251.65,12,13,yes,yes,month-to-month,south,fiber,1
58,44,71.8,3169.2,2,400.86,10,-12,no,no,month-to-month,east,fiber,1
51,41,58.61,2410.01,4,203.83,11,36,no,yes,two-year,east,fiber,0
53,29,81.89,2511.81,1,528.21,1,-16,yes,yes,two-year,south,fiber,0
50,14,101.36,1441.04,6,76.72,6,7,no,no,month-to-month,north,dsl,1
53,28,112.25,3259.0,4,163.66,8,16,yes,no,two-year,east,fiber,1
59,24,47.26,1253.24,2,248.3,7,27,yes,no,month-to-month,north,fiber,1
51,25,25.0,753.0,6,308.96,4,37,yes,no,month-to-month,east,wireless,1
23,36,68.39,2578.04,2,163.98,8,2,yes,yes,two-year,east,dsl,0
82,16,96.48,1683.68,9,20.0,0,97,yes,yes,two-year,east,wireless,0
42,11,79.45,995.95,2,198.63,6,13,yes,yes,month-to-month,west,fiber,1
69,14,99.69,1360.66,5,516.6,25,-14,no,no,one-year,west,dsl,1
28,5,25.53,207.65,1,441.55,20,-10,yes,yes,one-year,south,wireless,0
57,30,101.77,3151.1,2,302.98,14,20,yes,no,month-to-month,west,dsl,1
59,23,97.46,2278.58,2,347.99,1,22,no,yes,month-to-month,east,wireless,0
35,31,47.13,1462.03,4,91.24,13,0,no,yes,two-year,north,dsl,0
42,17,32.46,549.82,1,362.84,14,6,no,no,month-to-month,north,fiber,0
18,22,37.21,919.62,2,146.07,13,-8,yes,yes,month-to-month,north,dsl,0
77,26,115.39,3095.14,0,391.41,15,-7,yes,yes,month-to-month,south,dsl,0
85,21,91.18,2018.78,2,314.65,12,2,yes,yes,one-year,east,wireless,1
62,38,143.46,5534.48,2,134.49,19,12,yes,no,month-to-month,west,fiber,1
52,26,82.4,2249.4,4,357.17,11,4,yes,no,one-year,south,wireless,1
57,18,70.04,1400.72,1,411.73,0,-7,yes,yes,month-to-month,north,wireless,0
18,33,69.48,2402.84,1,239.8,10,0,yes,yes,one-year,west,fiber,0
34,11,101.52,1238.72,0,226.28,6,1,yes,yes,one-year,north,dsl,0
26,40,72.26,2921.4,1,288.42,3,30,no,no,two-year,south,wireless,0
40,46,59.63,2870.98,5,168.19,4,22,yes,no,two-year,east,wireless,0
65,23,93.19,2183.37,3,280.55,0,27,no,yes,month-to-month,east,dsl,0
39,15,78.74,1203.1,2,173.44,6,13,no,yes,month-to-month,north,fiber,1
18,32,108.45,3498.4,2,426.39,4,22,no,yes,month-to-month,north,dsl,0
25,14,70.17,1113.38,4,176.35,3,-14,yes,no,one-year,north,dsl,0
84,1,91.56,74.56,2,456.1,19,8,no,no,month-to-month,east,fiber,1
47,19,74.8,1446.2,0,438.31,5,-11,no,yes,month-to-month,east,wireless,0
41,22,34.15,858.3,0,415.58,11,-14,yes,yes,one-year,north,fiber,0
29,25,70.75,1799.75,0,304.26,3,40,no,yes,one-year,east,fiber,0
46,40,70.66,2854.4,3,310.05,4,-1,no,no,month-to-month,west,fiber,1
59,28,78.0,2309.0,4,292.26,5,25,yes,yes,two-year,north,dsl,0
47,29,51.02,1574.58,5,269.47,15,50,yes,no,one-year,south,fiber,0
25,34,83.06,2858.04,3,263.75,2,14,no,yes,month-to-month,east,dsl,0
50,31,81.72,2561.32,3,318.65,4,-17,no,yes,one-year,south,fiber,1
61,31,54.46,1804.26,5,272.45,8,57,yes,yes,month-to-month,south,fiber,1
23,36,52.55,2019.8,4,259.49,4,-10,yes,yes,one-year,east,fiber,0
24,23,63.09,1570.07,4,175.56,7,15,yes,no,month-to-month,west,wireless,1
39,10,51.94,532.4,3,139.35,9,17,no,no,month-to-month,west,dsl,0
65,26,76.4,2014.4,5,301.12,4,-4,no,no,month-to-month,east,fiber,1
32,18,50.04,1019.72,5,171.52,7,36,yes,no,month-to-month,west,dsl,1
37,16,63.67,1031.72,1,542.62,9,-25,no,yes,two-year,south,wireless,0
30,22,50.04,1113.88,5,63.09,9,-5,no,no,one-year,east,fiber,0
51,36,54.15,2053.4,5,176.17,12,40,yes,no,two-year,south,dsl,0
22,19,53.5,1126.5,1,178.72,10,18,yes,yes,one-year,north,wireless,0
41,14,62.8,892.2,4,79.16,9,20,no,no,month-to-month,east,dsl,0
67,26,92.49,2432.74,6,57.1,4,11,no,no,month-to-month,east,fiber,1
53,19,62.04,1197.76,3,357.55,7,11,no,yes,two-year,south,dsl,0
57,20,93.13,1881.6,2,156.91,7,10,no,no,month-to-month,west,fiber,0
22,45,43.84,2067.8,0,148.12,15,11,yes,no,month-to-month,north,dsl,0
37,16,94.1,1536.6,3,513.59,3,-24,no,no,month-to-month,south,wireless,0
38,19,59.4,1138.6,0,207.69,10,22,no,yes,one-year,north,fiber,0
45,20,86.17,1845.4,5,71.25,6,2,yes,yes,two-year,west,wireless,0
43,36,111.06,4132.16,2,153.57,2,6,yes,no,month-to-month,east,fiber,1
49,22,71.83,1590.26,4,20.21,10,11,no,yes,one-year,south,wireless,0
49,30,61.07,1966.1,3,270.74,2,19,yes,yes,month-to-month,east,fiber,1
73,28,59.1,1782.8,4,222.93,4,11,yes,yes,two-year,south,fiber,1
58,18,107.56,2037.08,2,215.2,13,17,yes,yes,month-to-month,west,fiber,1
20,25,85.72,2262.0,0,251.3,7,-10,yes,yes,one-year,south,wireless,0
61,2,57.18,236.36,4,303.74,6,9,yes,no,two-year,south,fiber,0
55,37,33.84,1250.08,7,185.61,14,56,no,yes,two-year,west,fiber,0
24,27,56.13,1540.51,3,237.78,5,-10,no,yes,one-year,north,dsl,0
31,33,55.19,1816.27,0,464.57,15,-10,no,yes,one-year,north,dsl,0
31,33,55.74,1846.42,3,120.01,11,2,no,no,one-year,east,dsl,0
50,14,42.17,706.38,9,27.53,8,17,yes,no,month-to-month,west,fiber,1
42,32,49.57,1669.24,0,58.55,19,16,yes,yes,month-to-month,south,fiber,0
41,7,112.24,801.68,2,198.45,8,9,no,no,month-to-month,north,fiber,1
46,21,114.41,2436.61,2,248.38,2,27,no,no,month-to-month,south,fiber,0
43,28,53.43,1524.04,2,578.67,4,-27,no,no,month-to-month,south,dsl,0
30,30,54.51,1654.3,3,197.07,7,-1,no,no,two-year,north,wireless,0
23,30,110.52,3455.6,0,279.22,0,19,yes,yes,two-year,east,fiber,0
54,19,76.99,1596.81,1,480.07,2,-15,yes,no,one-year,west,dsl,0
75,11,72.36,923.96,2,298.45,4,7,yes,yes,month-to-month,east,fiber,1
49,19,52.9,1018.1,4,103.85,9,7,no,no,month-to-month,south,wireless,0
63,16,95.42,1545.72,2,333.51,7,15,no,no,two-year,south,wireless,1
73,27,86.16,2360.32,4,189.55,2,30,no,no,month-to-month,north,wireless,0
57,39,83.33,3283.87,3,327.98,2,26,no,no,month-to-month,west,fiber,0
18,16,85.98,1406.68,1,330.74,3,10,no,yes,one-year,south,fiber,0
70,26,139.51,3722.26,3,121.61,15,14,yes,no,month-to-month,south,fiber,1
35,31,92.41,2998.71,2,240.86,2,5,yes,no,one-year,east,fiber,0
52,18,32.03,707.54,4,327.07,3,16,yes,no,month-to-month,east,fiber,1
51,27,124.5,3477.5,4,256.78,8,26,yes,yes,month-to-month,east,wireless,0
60,36,83.2,3114.2,8,81.71,7,67,yes,yes,two-year,north,wireless,0
18,33,78.78,2709.74,3,241.0,10,32,yes,yes,month-to-month,west,wireless,0
38,19,118.56,2362.64,3,96.6,10,19,yes,no,month-to-month,west,fiber,1
49,15,45.96,796.4,3,319.14,11,25,yes,no,two-year,east,dsl,0
20,27,46.77,1281.79,2,239.25,7,5,no,yes,one-year,west,fiber,0
28,26,53.52,1498.52,0,219.95,11,24,yes,yes,month-to-month,north,fiber,0
52,30,53.41,1630.3,5,149.56,4,32,no,no,month-to-month,south,wireless,0
59,38,32.04,1245.52,1,343.96,4,-5,no,no,one-year,east,fiber,0
48,24,76.19,1868.56,4,202.89,0,37,no,yes,two-year,east,dsl,0
38,28,58.4,1721.2,4,315.7,18,19,yes,yes,two-year,south,fiber,0
63,5,73.16,387.8,6,178.78,6,46,no,yes,month-to-month,south,dsl,0
18,19,58.12,1126.28,0,313.75,6,-1,no,yes,month-to-month,north,wireless,0
31,30,58.58,1767.4,1,188.83,10,14,no,yes,two-year,south,fiber,0
40,15,76.35,1161.25,4,148.79,8,-15,no,no,two-year,north,wireless,0
32,28,56.58,1694.24,4,62.34,10,-1,yes,no,two-year,east,fiber,0
43,19,31.66,684.54,6,245.48,19,27,yes,yes,month-to-month,north,dsl,0
37,20,60.52,1223.4,3,144.9,9,9,no,no,one-year,north,wireless,0
50,20,43.06,880.2,0,422.55,7,-7,no,yes,two-year,east,dsl,0
51,34,54.76,1886.84,4,310.54,5,19,no,yes,month-to-month,east,wireless,1
41,16,83.52,1367.32,2,239.31,3,9,no,yes,one-year,west,fiber,0
21,14,89.22,1380.08,2,321.51,3,24,yes,yes,month-to-month,east,dsl,0
47,24,117.35,2838.4,2,206.83,6,2,no,no,month-to-month,south,dsl,1
60,27,80.14,2246.78,4,382.57,19,28,yes,no,month-to-month,west,wireless,1
57,13,86.69,1230.97,3,319.5,12,14,yes,yes,month-to-month,east,fiber,1
43,32,25.0,801.0,5,34.14,13,25,no,yes,two-year,north,wireless,0
65,16,78.87,1292.92,1,286.98,3,8,no,no,one-year,east,dsl,0
61,17,58.41,1108.97,7,175.4,8,57,yes,yes,two-year,west,fiber,0
56,42,47.45,2102.9,3,292.51,10,6,yes,no,month-to-month,south,fiber,1
43,21,48.92,1037.32,1,372.7,10,-7,no,no,two-year,south,dsl,0
70,5,92.06,567.3,5,179.62,11,-4,yes,no,two-year,north,dsl,1
40,19,62.71,1207.49,4,149.38,8,-24,no,yes,month-to-month,north,wireless,0
46,33,64.87,2277.71,4,502.6,1,-29,yes,yes,month-to-month,south,dsl,0
64,6,85.43,546.58,2,338.05,2,7,no,no,one-year,east,dsl,0
47,25,69.79,1763.75,4,262.74,7,-9,no,no,month-to-month,north,fiber,1
22,25,77.76,2057.0,0,199.07,9,18,yes,yes,two-year,west,fiber,0
53,4,82.77,450.08,6,195.98,7,11,yes,no,two-year,west,fiber,1
71,14,107.51,1618.14,1,331.34,9,14,yes,yes,one-year,east,dsl,0
54,43,48.77,2207.11,4,183.27,10,30,yes,no,month-to-month,west,fiber,0
58,20,120.28,2439.6,0,328.99,2,27,no,yes,one-year,north,fiber,0
36,25,109.13,2859.25,2,228.39,3,21,yes,no,two-year,south,dsl,0
72,21,131.23,2765.83,3,124.55,10,10,no,yes,month-to-month,east,fiber,1
23,5,76.76,514.8,2,243.14,3,4,yes,yes,one-year,west,fiber,0
37,24,68.7,1670.8,4,109.02,6,10,no,yes,one-year,west,dsl,0
61,32,66.71,2138.72,2,333.06,12,18,no,yes,month-to-month,south,fiber,1
58,27,78.55,2154.85,6,43.64,2,8,no,no,month-to-month,west,wireless,1
36,1,76.16,107.16,4,178.97,3,18,no,no,two-year,north,wireless,0
18,49,52.27,2565.23,1,213.36,12,15,no,yes,month-to-month,west,wireless,0
69,15,78.81,1292.15,4,188.58,10,17,yes,yes,month-to-month,west,fiber,1
39,39,74.45,2904.55,1,72.68,13,-2,no,no,two-year,north,wireless,0
78,34,92.06,3143.04,4,255.41,9,18,no,no,two-year,east,wireless,0
57,7,136.93,953.51,2,261.26,15,16,no,no,month-to-month,north,wireless,1
18,14,61.25,964.5,0,190.79,11,1,yes,yes,month-to-month,south,fiber,0
19,34,86.16,2942.44,0,180.66,9,11,no,yes,month-to-month,east,dsl,0
57,32,52.6,1693.2,7,199.65,10,28,no,no,month-to-month,east,wireless,1
39,24,25.0,695.0,2,392.43,15,-5,yes,yes,month-to-month,west,dsl,0
40,38,119.29,4634.02,2,212.12,13,22,yes,no,month-to-month,east,dsl,1
35,20,25.0,474.0,2,380.95,22,2,no,yes,one-year,south,dsl,0
66,19,76.41,1476.79,0,453.53,5,-20,no,no,two-year,west,dsl,0
45,40,49.88,1996.2,4,230.73,13,-4,no,yes,month-to-month,west,fiber,1
31,31,180.23,5691.13,2,112.92,12,8,yes,no,month-to-month,north,dsl,1
27,21,53.09,1106.89,0,107.41,16,23,no,yes,month-to-month,west,fiber,0
49,33,109.11,3740.63,3,171.09,0,28,yes,yes,two-year,north,dsl,0
46,46,40.51,1973.46,2,255.63,10,15,yes,yes,one-year,west,fiber,1
60,31,68.01,2215.31,4,366.31,11,14,yes,no,one-year,south,fiber,1
48,17,96.67,1677.39,1,467.94,2,-14,no,yes,two-year,north,fiber,0
60,6,106.53,652.18,6,20.0,9,-13,no,no,two-year,south,dsl,1
28,13,53.44,707.72,3,200.31,9,12,no,no,month-to-month,east,wireless,1
46,18,73.59,1437.62,5,322.17,9,15,yes,no,month-to-month,south,fiber,1
43,21,69.18,1486.78,3,282.42,2,3,no,no,month-to-month,north,fiber,1
57,14,78.37,1134.18,1,374.71,1,-4,no,yes,two-year,east,fiber,0
70,27,74.98,2034.46,2,410.72,10,-6,no,no,one-year,west,wireless,1
54,13,59.73,804.49,2,335.85,4,7,no,yes,one-year,south,dsl,0
25,21,31.5,647.5,1,103.89,18,6,no,yes,month-to-month,north,dsl,0
48,35,70.62,2505.7,4,600.48,2,-54,no,yes,one-year,south,fiber,0
18,14,86.69,1326.66,1,222.32,9,-12,yes,yes,two-year,north,dsl,0
46,16,37.83,624.28,1,434.38,7,-27,no,no,one-year,west,wireless,0
31,14,25.0,345.0,4,154.92,15,5,no,no,one-year,west,wireless,0
65,15,110.96,1759.4,2,265.85,15,19,yes,no,month-to-month,east,dsl,1
53,27,69.27,1874.29,9,20.0,12,2,no,no,month-to-month,south,fiber,1
27,26,95.42,2508.92,1,348.48,4,21,no,yes,two-year,west,fiber,0
56,17,62.44,1098.48,0,412.82,1,-24,no,yes,two-year,east,fiber,0
57,18,64.47,1200.46,1,418.35,0,-19,no,yes,two-year,west,fiber,0
32,24,73.22,1788.28,4,171.87,3,-3,no,yes,one-year,east,fiber,0
74,29,75.41,2293.89,7,56.33,11,-1,yes,yes,month-to-month,west,fiber,1
58,24,58.6,1428.4,3,361.46,6,9,no,yes,month-to-month,east,fiber,1
40,13,76.71,1025.23,2,247.24,4,-8,no,no,month-to-month,south,wireless,1
54,20,90.85,1954.0,3,525.51,1,-23,yes,no,one-year,west,dsl,0
44,38,41.58,1681.04,4,348.24,13,10,yes,no,one-year,east,wireless,0
40,36,73.09,2665.24,3,285.69,2,1,no,no,month-to-month,east,dsl,1
59,32,75.01,2419.32,2,374.23,7,-4,no,no,two-year,south,fiber,1
30,26,85.12,2220.12,1,110.77,11,-4,no,yes,month-to-month,east,wireless,0
38,32,64.33,2092.56,6,641.06,2,-71,no,yes,two-year,east,fiber,0
47,16,92.12,1507.92,5,608.72,2,-42,no,no,month-to-month,north,dsl,0
68,14,49.02,817.28,2,327.64,3,29,yes,yes,month-to-month,north,fiber,1
50,13,70.64,1034.32,2,370.7,8,19,yes,yes,month-to-month,east,wireless,0
37,19,86.76,1782.44,5,164.16,2,-9,yes,no,month-to-month,west,fiber,0
34,10,35.89,374.9,4,138.78,8,16,no,yes,one-year,east,fiber,0
63,27,75.59,2162.93,2,363.61,6,3,yes,no,month-to-month,south,wireless,1
62,26,92.99,2451.74,1,377.66,2,-8,no,yes,one-year,east,fiber,0
47,43,133.88,5784.84,3,201.61,4,0,no,yes,two-year,north,dsl,1
48,42,81.57,3465.94,2,534.85,0,-18,no,yes,month-to-month,south,wireless,0
54,27,65.32,1873.64,5,310.3,10,25,yes,yes,one-year,north,wireless,1
66,12,50.2,633.4,5,144.11,3,28,no,yes,one-year,north,wireless,0
21,34,79.11,2802.74,0,180.13,9,9,yes,yes,two-year,north,wireless,0
60,21,83.42,1749.82,7,133.27,14,-7,no,no,month-to-month,south,fiber,1
49,24,62.43,1614.32,2,361.27,8,16,yes,yes,month-to-month,north,wireless,0
75,17,84.62,1569.54,3,332.76,3,11,yes,no,month-to-month,south,dsl,1
62,29,55.65,1629.85,7,210.91,8,34,no,yes,month-to-month,east,dsl,0
42,16,62.54,1098.64,2,314.79,14,15,yes,no,month-to-month,south,fiber,0
55,15,74.54,1249.1,1,367.54,3,-3,yes,yes,two-year,south,dsl,0
63,25,77.8,1979.0,3,303.14,2,23,no,yes,two-year,west,wireless,0
18,15,46.66,709.9,0,233.54,10,10,no,no,two-year,north,wireless,0
51,30,38.56,1163.8,3,299.14,11,18,no,no,two-year,south,dsl,0
20,29,25.0,726.0,2,208.81,13,-33,no,yes,month-to-month,north,fiber,0
22,32,25.0,783.0,0,148.99,19,1,no,no,month-to-month,north,dsl,0
41,39,77.92,3157.88,1,541.03,7,-16,yes,yes,month-to-month,east,wireless,0
30,13,65.64,963.32,2,141.15,10,14,yes,yes,month-to-month,east,wireless,0
29,34,55.51,2009.34,3,280.23,6,-12,yes,yes,month-to-month,west,fiber,1
40,35,58.69,2064.15,0,404.71,10,-1,no,yes,one-year,east,fiber,0
62,15,64.85,1000.75,6,199.9,4,19,no,no,one-year,west,dsl,0
85,39,113.66,4415.74,2,224.78,19,31,no,yes,one-year,north,dsl,0
24,26,39.62,1037.12,2,195.71,11,-11,no,yes,two-year,north,wireless,0
67,26,155.08,4021.08,3,246.68,17,6,no,no,one-year,north,dsl,1
76,18,107.62,2017.16,3,527.96,20,-37,yes,no,month-to-month,south,fiber,1
34,16,44.54,719.64,5,81.97,11,-18,no,yes,two-year,east,dsl,0
50,22,52.75,1170.5,7,319.79,10,34,no,no,two-year,east,fiber,1
79,26,79.84,2097.84,4,293.3,6,17,no,yes,month-to-month,north,wireless,0
47,38,42.63,1723.94,3,277.16,12,15,yes,no,one-year,west,dsl,0
72,6,103.6,616.6,2,461.16,15,-32,no,no,one-year,west,dsl,0
35,9,76.4,703.6,0,169.05,8,32,no,no,two-year,south,dsl,0
18,17,84.58,1435.86,4,211.94,14,12,no,yes,two-year,north,dsl,0
41,11,84.58,967.38,3,220.1,1,28,no,yes,month-to-month,north,dsl,0
58,27,78.02,2107.54,12,20.0,13,-8,no,yes,month-to-month,north,dsl,1
56,28,78.09,2214.52,2,325.38,4,27,no,yes,one-year,north,fiber,0
18,20,97.77,2080.4,3,283.18,5,18,yes,yes,one-year,east,fiber,0
22,41,25.0,984.0,3,329.6,27,20,no,no,month-to-month,north,fiber,0
39,10,42.57,420.7,4,20.0,15,-3,no,yes,two-year,south,dsl,0
54,18,45.26,942.68,4,297.26,4,26,yes,yes,month-to-month,west,fiber,1
81,6,110.24,662.44,3,289.71,13,25,no,no,two-year,east,dsl,0
66,27,58.91,1597.57,4,403.18,11,12,no,yes,one-year,west,wireless,1
38,35,92.69,3269.15,0,258.59,5,13,no,no,two-year,north,wireless,0
25,17,56.87,982.79,3,170.38,8,-14,no,yes,one-year,south,dsl,0
47,25,69.69,1855.25,6,156.74,9,5,yes,no,month-to-month,east,fiber,1
65,32,78.6,2525.2,3,244.83,10,17,no,yes,month-to-month,north,fiber,1
18,24,83.51,2026.24,3,322.01,6,14,no,yes,two-year,north,dsl,0
66,25,84.62,2240.5,6,127.41,5,12,yes,no,month-to-month,east,wireless,1
23,8,25.0,162.0,2,350.82,26,16,no,yes,two-year,east,fiber,0
38,21,38.46,796.66,2,78.23,17,-12,no,yes,month-to-month,south,dsl,0
59,40,55.2,2242.0,2,292.02,2,21,no,yes,month-to-month,east,wireless,1
35,28,76.51,2170.28,3,178.16,4,12,no,yes,month-to-month,south,wireless,0
36,11,56.11,639.21,4,206.76,6,2,no,no,month-to-month,north,fiber,0
62,37,95.24,3639.88,9,20.0,8,0,yes,yes,month-to-month,south,fiber,1
56,36,43.43,1682.48,7,59.53,7,-11,yes,no,two-year,north,fiber,0
58,51,74.95,3847.45,2,207.56,5,15,no,no,month-to-month,north,fiber,1
36,21,25.0,605.0,3,288.13,20,17,yes,yes,month-to-month,west,wireless,0
60,27,107.96,3039.92,4,215.57,5,3,yes,no,month-to-month,east,wireless,1
77,16,85.25,1395.0,6,208.79,3,39,no,yes,month-to-month,east,wireless,0
31,37,44.06,1631.22,2,574.45,13,-32,no,yes,month-to-month,south,fiber,0
70,43,46.44,2006.92,5,251.72,10,25,no,yes,one-year,south,wireless,1
63,45,51.92,2446.4,5,382.06,10,27,yes,no,month-to-month,south,fiber,1
54,33,75.32,2601.56,6,123.81,8,1,yes,no,month-to-month,north,fiber,1
45,34,35.51,1181.34,8,150.72,22,67,no,yes,month-to-month,north,dsl,0
42,30,77.75,2354.5,2,165.05,6,31,no,no,month-to-month,west,fiber,0
39,21,63.7,1438.7,1,456.89,13,14,yes,yes,one-year,east,wireless,0
77,10,112.82,1214.2,4,411.62,18,16,yes,no,month-to-month,east,dsl,1
49,39,53.31,2180.09,5,193.77,13,40,yes,yes,month-to-month,south,fiber,0
18,35,103.8,3770.0,1,345.15,1,30,yes,no,month-to-month,west,fiber,0
43,28,38.69,1084.32,2,339.79,13,1,no,yes,one-year,north,fiber,0
75,26,54.27,1539.02,3,388.18,4,10,yes,yes,month-to-month,south,fiber,1
55,10,67.81,697.1,5,229.79,7,35,no,yes,month-to-month,south,dsl,0
26,23,47.12,1090.76,2,180.93,11,2,no,yes,two-year,west,wireless,0
76,11,25.0,282.0,10,34.08,11,14,no,yes,month-to-month,west,fiber,1
53,22,146.18,3213.96,2,144.18,14,16,no,yes,month-to-month,south,fiber,1
33,25,56.43,1532.75,3,205.91,6,20,yes,no,one-year,west,dsl,0
59,31,66.94,2094.14,2,280.32,7,12,no,no,month-to-month,west,wireless,1
24,24,63.57,1629.68,1,145.5,12,-1,yes,yes,one-year,north,fiber,0
52,30,60.17,1833.1,1,349.24,4,-5,no,yes,two-year,south,dsl,0
38,22,52.6,1273.2,3,506.22,8,-32,yes,no,two-year,south,dsl,0
38,29,57.1,1789.9,4,247.54,2,18,yes,no,month-to-month,west,fiber,1
35,15,25.0,440.0,6,232.87,25,20,yes,yes,one-year,north,fiber,0
61,25,91.11,2284.75,3,20.0,11,34,no,no,one-year,west,wireless,0
41,42,65.75,2762.5,1,92.67,13,19,no,yes,two-year,south,dsl,0
63,13,92.59,1195.67,3,436.86,16,-12,no,yes,month-to-month,west,dsl,1
41,16,60.23,1064.68,2,330.69,13,13,yes,yes,one-year,south,wireless,0
83,52,57.15,2972.8,5,210.11,13,-13,no,no,month-to-month,east,dsl,1
54,7,65.2,578.4,3,291.43,6,20,yes,yes,one-year,west,fiber,0
50,15,132.14,1989.1,3,286.74,11,11,no,no,month-to-month,west,fiber,1
26,23,170.35,4049.05,2,32.27,3,3,yes,no,month-to-month,west,fiber,1
29,19,56.61,1194.59,3,178.1,7,14,yes,no,month-to-month,north,fiber,0
38,25,84.56,2245.0,2,277.19,3,-20,yes,yes,month-to-month,east,dsl,1
18,14,100.59,1442.26,2,332.72,2,8,no,yes,month-to-month,north,wireless,0
56,17,59.24,1038.08,2,322.69,3,7,no,no,month-to-month,south,wireless,1
53,19,88.63,1811.97,5,98.94,4,1,yes,yes,two-year,east,dsl,0
23,4,101.63,428.52,2,231.62,6,24,no,yes,month-to-month,south,fiber,0
69,21,101.06,2244.26,4,224.97,6,6,yes,no,month-to-month,east,fiber,1
37,28,30.38,836.64,3,329.87,18,18,no,no,one-year,west,wireless,0
54,22,59.38,1422.36,3,261.34,8,12,yes,yes,month-to-month,north,dsl,1
29,35,72.21,2549.35,3,159.64,6,2,no,yes,two-year,east,dsl,0
56,23,37.15,882.45,5,296.09,4,40,no,no,month-to-month,south,wireless,1
78,2,117.3,347.6,5,151.92,9,55,yes,yes,one-year,north,wireless,0
62,26,82.04,2252.04,2,324.15,7,14,yes,yes,month-to-month,north,wireless,1
81,24,54.7,1325.8,2,401.59,9,22,no,yes,month-to-month,west,fiber,1
42,41,35.13,1441.33,3,304.68,13,9,no,yes,two-year,west,wireless,0
50,21,28.39,600.19,3,320.87,12,-4,no,no,month-to-month,west,wireless,0
69,18,43.63,922.34,5,147.64,1,17,yes,yes,month-to-month,west,fiber,0
36,50,50.78,2552.0,2,190.32,9,12,no,yes,two-year,north,dsl,0
71,12,102.16,1262.92,5,157.32,1,49,no,no,one-year,south,fiber,0
49,25,53.68,1452.0,4,67.95,10,13,yes,no,two-year,east,wireless,0
59,19,26.43,606.17,9,68.11,12,10,yes,no,one-year,east,fiber,1
56,26,72.58,1879.08,6,350.34,16,23,no,yes,one-year,south,dsl,1
64,21,104.4,2217.4,0,414.83,5,3,no,yes,one-year,south,fiber,0
61,18,66.92,1308.56,4,395.54,12,10,yes,no,month-to-month,east,dsl,1
30,40,25.0,1086.0,5,128.94,18,50,yes,no,one-year,east,fiber,1
28,3,87.47,387.41,0,221.82,5,34,yes,yes,one-year,north,fiber,0
59,24,122.25,2956.0,5,78.19,6,-1,no,yes,month-to-month,east,fiber,1
65,6,78.06,554.36,5,443.06,18,6,yes,yes,one-year,east,wireless,1
29,28,59.84,1794.52,1,236.43,7,6,yes,no,two-year,east,fiber,0
43,24,45.68,1100.32,3,289.59,12,10,no,yes,one-year,north,fiber,0
23,1,87.75,218.75,2,206.08,3,6,yes,yes,month-to-month,east,wireless,0
54,14,28.92,420.88,3,274.31,8,29,no,yes,month-to-month,north,fiber,1
19,32,105.2,3497.4,0,256.81,3,5,yes,no,two-year,south,wireless,0
58,29,131.67,3931.43,2,236.48,9,12,yes,no,two-year,west,fiber,1
60,13,85.38,1243.94,5,247.85,2,30,yes,yes,month-to-month,east,dsl,0
52,5,72.22,380.1,4,120.9,7,24,no,no,month-to-month,north,fiber,0
65,25,72.49,1849.25,1,309.01,1,-1,no,no,two-year,east,fiber,0
54,31,55.98,1718.38,9,20.0,19,-11,no,yes,month-to-month,east,dsl,1
18,35,101.16,3556.6,4,274.04,8,28,no,yes,one-year,west,dsl,0
55,29,54.31,1569.99,9,49.57,15,4,no,yes,two-year,west,wireless,1
57,15,74.91,1209.65,8,20.0,18,-7,yes,no,month-to-month,east,fiber,1
26,32,60.12,2048.84,3,215.28,5,-8,yes,yes,one-year,south,dsl,0
63,26,107.02,2801.52,3,151.44,7,7,no,no,month-to-month,north,fiber,1
38,6,25.0,230.0,5,20.0,20,-16,yes,no,one-year,north,wireless,0
52,24,74.42,1917.08,0,416.14,3,-2,yes,yes,two-year,south,fiber,0
74,35,107.1,3873.5,4,273.01,5,26,yes,no,one-year,east,fiber,0
48,16,60.17,1093.72,3,294.01,3,6,yes,no,two-year,east,fiber,1
57,24,69.7,1803.8,1,410.75,3,32,yes,yes,one-year,north,dsl,0
50,21,128.74,2737.54,5,120.19,2,8,no,no,month-to-month,north,fiber,1
61,41,90.21,3829.61,3,234.91,3,3,yes,no,month-to-month,east,wireless,1
49,42,66.26,2801.92,2,322.12,7,1,no,yes,one-year,north,fiber,0
32,25,138.95,3456.75,6,340.73,19,23,no,no,month-to-month,west,wireless,1
48,26,132.27,3504.02,6,380.0,25,27,yes,no,month-to-month,north,fiber,1
50,17,84.33,1558.61,1,393.58,5,-5,yes,yes,one-year,east,dsl,0
69,38,83.08,3282.04,8,20.0,5,-1,yes,no,month-to-month,west,wireless,1
55,30,78.72,2380.6,5,200.62,7,2,no,yes,one-year,north,fiber,1
55,17,113.28,2053.76,3,135.0,4,3,yes,yes,month-to-month,east,wireless,1
55,37,25.0,926.0,6,239.71,13,23,no,yes,two-year,north,dsl,0
66,30,114.47,3496.1,4,290.46,26,26,yes,no,month-to-month,east,wireless,1
18,23,63.56,1480.88,1,235.09,7,3,no,no,month-to-month,east,dsl,0
61,30,107.6,3323.0,6,43.15,15,-15,yes,yes,month-to-month,south,fiber,1
54,25,87.09,2296.25,2,339.55,7,11,yes,yes,month-to-month,east,fiber,1
40,24,44.17,1082.08,7,327.88,6,24,no,no,month-to-month,west,fiber,1
85,22,77.2,1681.4,2,456.82,19,14,no,yes,one-year,south,fiber,1
38,27,25.0,746.0,4,279.87,23,13,yes,no,two-year,north,fiber,0
45,22,136.96,3053.12,2,160.83,0,-2,no,no,one-year,west,fiber,0
55,32,75.65,2445.8,2,272.68,5,20,no,yes,month-to-month,east,dsl,0
50,31,70.95,2227.45,3,321.42,4,-18,no,no,one-year,west,wireless,1
54,24,75.94,1832.56,5,155.78,10,37,no,yes,one-year,east,fiber,0
31,17,76.21,1326.57,3,206.43,3,9,no,no,two-year,west,fiber,0
77,51,91.37,4781.87,4,236.43,6,11,yes,no,two-year,south,dsl,0
45,10,52.87,662.7,4,285.88,2,17,yes,no,one-year,west,fiber,1
62,19,82.71,1581.49,2,397.34,10,-5,no,yes,month-to-month,west,fiber,1
56,22,101.27,2264.94,0,470.26,1,-3,no,no,month-to-month,east,fiber,0
54,32,48.67,1679.44,1,392.86,6,-6,yes,yes,two-year,north,wireless,0
36,27,81.06,2307.62,4,102.96,7,-21,yes,yes,one-year,north,wireless,0
31,10,25.0,236.0,1,457.79,18,-16,no,yes,two-year,north,dsl,0
31,24,73.2,1772.8,1,254.59,8,24,no,yes,month-to-month,north,dsl,0
56,20,69.9,1426.0,5,186.49,4,11,no,no,month-to-month,south,fiber,1
68,33,74.34,2584.22,2,289.28,3,9,yes,no,one-year,east,dsl,1
71,1,98.12,229.12,4,131.78,3,7,yes,no,one-year,east,dsl,1
60,9,105.2,1050.8,3,429.75,12,-40,yes,yes,two-year,south,dsl,1
29,27,47.32,1281.64,3,171.37,12,18,no,no,one-year,east,fiber,1
49,37,110.73,4231.01,4,249.81,2,-7,yes,yes,one-year,north,fiber,0
61,23,51.83,1211.09,5,237.43,7,18,no,no,two-year,north,dsl,0
29,19,30.68,698.92,5,166.23,8,4,yes,no,two-year,north,wireless,0
58,32,69.38,2224.16,3,442.61,12,-16,no,no,month-to-month,east,dsl,1
59,7,56.22,421.54,9,31.07,4,-11,no,no,one-year,north,wireless,0
33,18,104.6,1913.8,1,191.43,3,1,no,yes,month-to-month,north,wireless,0
43,39,32.33,1358.87,2,337.57,14,9,yes,yes,one-year,south,fiber,0
50,15,148.49,2319.35,2,142.75,16,25,yes,no,month-to-month,west,dsl,1
48,18,26.51,593.18,1,463.67,8,-16,yes,yes,month-to-month,north,dsl,0
49,37,41.2,1540.4,3,238.8,8,30,no,yes,month-to-month,east,wireless,1
41,28,93.01,2638.28,3,179.78,2,27,no,yes,month-to-month,east,wireless,0
36,24,35.85,855.4,1,417.66,15,-17,no,no,month-to-month,west,dsl,0
39,6,39.46,231.76,2,316.11,15,26,no,yes,month-to-month,west,fiber,0
27,27,54.43,1491.61,6,92.38,6,11,no,yes,one-year,north,wireless,0
55,18,160.79,2995.22,3,166.7,13,6,yes,no,two-year,north,fiber,1
41,25,35.38,885.5,1,393.78,13,-8,no,no,one-year,west,wireless,0
56,13,88.19,1183.47,3,284.16,1,23,no,yes,month-to-month,south,wireless,0
25,25,73.36,1850.0,1,184.42,8,5,no,yes,month-to-month,east,dsl,0
72,4,91.9,383.6,1,368.48,8,-3,no,yes,two-year,east,dsl,0
21,35,61.74,2276.9,2,243.28,8,53,yes,yes,one-year,east,dsl,0
62,36,57.47,2205.92,1,468.07,1,-16,yes,yes,two-year,west,dsl,0
59,34,65.82,2253.88,5,219.38,8,40,no,no,two-year,west,fiber,0
27,32,82.44,2763.08,1,253.5,5,10,yes,no,two-year,east,wireless,0
62,25,89.53,2263.25,3,153.69,5,2,no,no,month-to-month,south,wireless,1
58,10,71.28,822.8,4,329.98,10,22,yes,yes,month-to-month,west,wireless,1
67,16,97.16,1631.56,4,446.26,21,-1,yes,no,month-to-month,north,fiber,1
54,12,36.57,539.84,6,181.67,13,23,yes,yes,two-year,north,wireless,0
47,30,74.6,2333.0,8,20.0,15,1,yes,no,month-to-month,west,dsl,1
38,38,70.46,2714.48,6,160.49,1,1,no,yes,month-to-month,north,fiber,0
75,9,107.43,1085.87,2,208.25,7,5,yes,yes,month-to-month,south,fiber,1
18,32,58.68,1878.76,0,141.88,13,1,no,no,month-to-month,north,fiber,0
39,26,50.46,1409.96,2,138.13,14,32,yes,yes,month-to-month,west,wireless,1
39,24,59.54,1447.96,3,155.21,7,20,no,no,month-to-month,south,dsl,0
32,20,56.71,1171.2,5,221.32,1,-7,no,yes,one-year,east,wireless,0
51,40,178.99,7151.6,4,216.2,16,7,no,yes,month-to-month,south,fiber,1
85,31,132.14,4155.34,5,204.96,27,39,yes,no,two-year,east,wireless,0
60,16,53.36,969.76,3,366.6,8,13,yes,yes,one-year,west,fiber,1
66,31,92.09,2991.79,3,261.61,1,32,yes,no,two-year,south,dsl,0
39,23,39.13,912.99,4,226.57,9,22,no,yes,one-year,south,dsl,1
59,34,45.27,1643.18,7,98.76,12,63,yes,yes,month-to-month,north,fiber,0
43,25,51.42,1395.5,2,138.36,10,42,yes,no,month-to-month,west,wireless,1
55,30,91.32,2761.6,3,589.76,6,-28,no,yes,two-year,east,fiber,0
49,34,80.6,2862.4,2,344.09,6,-8,yes,yes,month-to-month,west,dsl,1
28,18,28.33,504.94,2,130.57,15,23,no,yes,one-year,south,dsl,0
48,33,57.6,2022.8,1,431.56,6,-10,yes,yes,month-to-month,west,dsl,0
43,15,50.93,876.95,5,119.54,9,-18,yes,yes,month-to-month,west,fiber,0
47,39,25.0,961.0,5,194.76,18,26,no,no,month-to-month,east,fiber,0
26,18,45.53,947.54,9,267.06,4,25,yes,no,one-year,west,wireless,1
41,21,36.66,797.86,7,291.06,4,29,no,no,month-to-month,south,fiber,1
79,26,87.47,2402.22,6,348.84,4,-4,yes,no,month-to-month,north,wireless,1
34,23,93.1,2248.3,4,234.43,11,2,yes,no,month-to-month,east,wireless,1
78,10,65.23,644.3,4,437.15,16,21,no,no,month-to-month,west,fiber,1
57,45,125.57,5675.65,2,244.05,5,-6,no,yes,month-to-month,east,fiber,1
34,31,25.89,812.59,6,192.24,10,42,no,no,one-year,south,dsl,1
34,21,79.86,1808.06,2,240.68,3,30,yes,no,two-year,south,wireless,0
37,30,71.6,2167.0,3,530.28,7,-40,no,yes,month-to-month,south,wireless,0
70,32,70.1,2347.2,3,363.24,12,16,yes,yes,two-year,south,fiber,1
50,37,114.79,4369.23,2,202.32,6,10,yes,yes,two-year,east,wireless,1
40,22,44.04,963.88,2,361.23,15,16,no,yes,two-year,east,fiber,0
34,20,31.08,722.6,0,500.95,13,-23,yes,no,two-year,north,wireless,0
35,24,101.28,2449.72,3,183.4,7,14,no,no,month-to-month,south,wireless,1
18,19,57.93,1119.67,1,207.93,7,-8,no,yes,one-year,north,fiber,0
18,41,38.95,1685.95,0,116.12,17,4,yes,no,month-to-month,north,fiber,0
70,10,135.97,1333.7,4,307.99,22,17,no,yes,month-to-month,west,fiber,1
49,19,86.35,1656.65,3,96.86,8,13,no,yes,two-year,west,fiber,0
72,20,89.65,1824.0,5,125.41,3,23,no,yes,month-to-month,south,wireless,0
41,37,25.0,899.0,6,307.99,22,39,no,no,two-year,east,dsl,0
52,26,73.09,1895.34,4,431.45,15,27,no,no,one-year,west,fiber,1
18,17,78.92,1363.64,3,349.62,6,3,no,yes,two-year,west,dsl,0
18,27,101.99,2772.73,4,300.16,7,19,no,no,two-year,north,wireless,0
69,35,90.76,3307.6,2,261.34,3,28,yes,yes,month-to-month,west,dsl,0
47,2,84.5,294.0,4,281.27,5,-18,yes,no,month-to-month,south,fiber,1
67,11,167.09,1920.99,5,336.85,19,3,yes,no,month-to-month,south,fiber,1
53,24,121.02,2911.48,5,348.57,11,19,no,no,month-to-month,north,wireless,1
45,27,73.72,2015.44,5,151.0,5,-6,no,yes,month-to-month,south,wireless,0
46,23,93.36,2248.28,4,126.09,13,32,yes,no,month-to-month,north,fiber,1
44,19,79.46,1525.74,1,199.23,8,14,no,no,two-year,north,fiber,0
53,38,36.46,1395.48,4,199.47,10,18,no,yes,one-year,south,fiber,0
54,26,47.05,1339.3,2,310.45,8,2,yes,no,month-to-month,west,fiber,0
38,11,75.34,844.74,4,88.17,8,12,no,yes,two-year,west,dsl,0
25,12,55.23,666.76,0,202.42,12,9,no,no,month-to-month,south,wireless,0
44,37,63.57,2468.09,3,133.2,8,11,yes,yes,month-to-month,west,dsl,0
37,19,25.0,464.0,2,404.94,17,1,no,no,two-year,west,wireless,0
31,21,75.81,1723.01,1,254.91,3,36,yes,yes,one-year,west,dsl,0
18,36,25.0,892.0,1,120.89,16,18,no,yes,two-year,north,wireless,0
79,10,87.93,844.3,6,500.93,25,16,no,yes,month-to-month,east,dsl,1
31,25,83.52,2116.0,1,235.77,4,33,no,yes,two-year,west,fiber,0
58,35,30.72,1146.2,11,20.0,23,-10,yes,yes,month-to-month,east,fiber,1
28,21,58.84,1251.64,2,171.59,8,8,no,yes,one-year,south,dsl,0
21,13,104.01,1392.13,1,273.36,0,11,no,yes,one-year,south,fiber,0
69,26,69.04,1932.04,4,226.08,1,22,yes,yes,two-year,east,dsl,0
38,43,115.69,5002.67,0,392.66,4,17,no,yes,one-year,east,dsl,0
46,18,118.92,2235.56,2,181.69,15,22,yes,no,month-to-month,north,wireless,1
61,22,117.38,2553.36,6,384.06,23,30,no,yes,two-year,south,fiber,1
27,8,66.63,643.04,3,137.15,10,-18,yes,no,two-year,west,wireless,0
45,33,69.63,2401.79,2,94.02,12,34,yes,no,one-year,west,dsl,0
63,30,57.03,1796.9,7,489.24,18,8,yes,no,month-to-month,north,wireless,1
36,47,76.86,3631.42,2,172.47,7,4,no,yes,one-year,west,dsl,0
71,29,63.19,1957.51,2,357.32,5,1,yes,no,month-to-month,south,wireless,0
51,20,50.12,994.4,9,324.21,16,50,no,yes,month-to-month,east,fiber,1
38,9,65.42,695.78,2,110.58,11,11,yes,yes,two-year,east,dsl,0
44,3,58.13,266.39,5,241.82,16,45,yes,yes,two-year,west,dsl,0
44,16,38.5,635.0,5,119.58,7,15,no,no,one-year,west,dsl,0
54,43,95.67,4105.81,4,351.71,16,6,no,yes,month-to-month,south,fiber,1
77,29,101.52,3054.08,2,304.64,10,1,yes,yes,month-to-month,west,fiber,0
53,39,72.38,2829.82,6,103.57,11,5,no,no,two-year,north,fiber,1
29,13,35.49,447.37,3,20.0,18,-3,no,no,two-year,east,wireless,0
49,16,80.02,1311.32,2,281.01,3,-3,no,no,month-to-month,west,fiber,1
73,21,118.82,2575.22,2,304.43,20,29,yes,yes,one-year,east,fiber,1
45,15,159.48,2475.2,5,249.25,19,19,yes,no,month-to-month,south,dsl,1
63,2,108.07,241.14,3,166.69,5,10,no,no,month-to-month,west,fiber,1
67,20,67.46,1474.2,6,84.07,5,57,yes,yes,month-to-month,north,dsl,0
40,33,98.05,3242.65,3,208.02,11,-1,no,yes,month-to-month,north,fiber,1
41,18,104.12,1911.16,4,160.08,1,0,no,no,two-year,east,wireless,0
57,27,85.92,2350.84,3,365.92,3,15,no,no,two-year,south,wireless,0
40,21,59.01,1258.21,6,255.21,7,28,no,no,month-to-month,west,wireless,1
53,22,63.68,1422.96,4,357.01,6,11,no,no,two-year,south,dsl,0
80,28,93.39,2612.92,2,351.15,14,6,no,yes,month-to-month,north,wireless,0
53,48,95.01,4600.48,0,487.14,0,-18,no,yes,one-year,west,fiber,0
81,5,103.07,528.35,5,252.48,9,47,no,yes,two-year,east,fiber,0
71,11,115.74,1368.14,3,391.72,15,-10,yes,yes,month-to-month,south,fiber,1
76,43,120.82,5208.26,3,287.22,9,28,no,yes,one-year,east,dsl,0
46,18,34.63,633.34,3,248.18,10,20,no,no,month-to-month,east,fiber,1
28,27,97.64,2667.28,1,351.02,3,13,no,yes,month-to-month,east,dsl,0
40,26,72.92,1908.92,6,295.83,9,20,no,no,month-to-month,east,fiber,1
47,22,25.0,554.0,3,297.9,12,1,no,yes,one-year,west,dsl,0
66,41,27.61,1263.01,5,306.53,3,51,yes,no,month-to-month,west,dsl,1
23,33,82.42,2747.86,2,212.62,4,-1,no,yes,two-year,east,dsl,0
66,17,89.69,1616.73,3,445.53,16,-13,yes,no,month-to-month,north,dsl,1
38,35,52.71,1942.85,1,435.58,14,9,yes,no,two-year,west,fiber,0
18,4,80.44,358.76,1,331.19,1,19,no,yes,two-year,east,wireless,0
62,20,88.25,1878.0,2,352.45,9,-3,yes,no,month-to-month,east,dsl,1
62,18,81.46,1594.28,0,390.86,4,-16,yes,yes,month-to-month,south,fiber,0
28,9,57.05,623.45,8,55.55,10,7,yes,yes,one-year,west,fiber,1
65,37,25.0,1020.0,10,113.37,15,8,yes,no,month-to-month,west,dsl,1
53,23,76.91,1902.93,0,410.42,2,-8,yes,no,two-year,north,wireless,0
57,19,66.77,1296.63,4,345.19,4,31,no,no,two-year,south,dsl,0
18,28,25.0,689.0,1,145.18,17,10,no,yes,two-year,west,fiber,0
41,32,39.52,1259.64,3,272.38,15,30,no,no,two-year,north,wireless,0
34,21,109.17,2308.57,3,360.18,8,-1,no,yes,one-year,west,dsl,0
42,23,103.06,2486.38,2,252.04,8,-2,yes,no,month-to-month,east,fiber,1
18,34,70.83,2421.22,3,302.41,9,4,no,yes,one-year,east,dsl,0
35,40,98.68,3987.2,2,215.62,0,24,no,yes,month-to-month,north,fiber,0
27,1,25.0,117.0,2,145.68,16,-7,yes,yes,one-year,north,dsl,0
52,14,47.22,674.08,3,295.22,9,22,no,yes,month-to-month,west,dsl,0
43,33,52.13,1736.29,1,522.76,8,-6,no,yes,two-year,south,wireless,0
51,9,85.22,788.98,5,255.73,6,-9,no,yes,month-to-month,west,fiber,1
52,24,89.71,2257.04,3,403.49,12,-20,yes,yes,month-to-month,south,fiber,1
50,1,98.47,135.47,1,517.05,1,10,no,no,one-year,north,dsl,0
55,31,102.53,3306.43,3,266.19,4,2,yes,yes,month-to-month,north,wireless,1
54,25,69.23,1755.75,1,416.91,5,11,no,yes,month-to-month,east,wireless,0
67,25,59.96,1612.0,2,398.05,9,19,yes,yes,month-to-month,west,fiber,1
51,21,44.03,949.63,3,290.52,5,22,no,no,month-to-month,south,dsl,1
52,22,76.13,1708.86,1,416.4,2,-5,no,yes,one-year,south,dsl,0
60,4,65.68,275.72,4,351.36,9,20,no,yes,one-year,south,fiber,1
21,39,35.28,1376.92,2,159.89,13,5,no,yes,two-year,east,fiber,0
45,32,50.94,1746.08,0,523.42,8,-31,yes,yes,two-year,south,dsl,0
83,20,93.06,1965.2,2,292.68,12,16,yes,yes,month-to-month,west,fiber,1
19,16,83.73,1455.68,1,214.51,8,25,yes,yes,two-year,south,wireless,0
18,16,44.76,805.16,2,169.47,17,0,yes,yes,two-year,south,dsl,0
33,22,97.12,2170.64,2,265.52,2,-3,no,yes,month-to-month,north,wireless,0
49,3,63.14,214.42,0,466.66,5,-14,no,yes,two-year,west,dsl,0
64,40,86.69,3574.6,3,411.55,11,-19,yes,no,month-to-month,south,dsl,1
58,14,57.53,827.42,3,323.45,6,14,no,no,one-year,north,fiber,1
41,22,49.63,1059.86,12,20.0,24,-7,no,no,two-year,east,fiber,1
22,18,75.83,1377.94,4,310.26,9,34,no,yes,month-to-month,east,dsl,0
61,30,113.37,3423.1,3,470.58,6,-7,no,no,two-year,south,fiber,0
18,14,54.53,882.42,1,275.35,7,-3,yes,yes,one-year,south,dsl,0
44,20,25.0,480.0,6,252.81,20,14,no,yes,two-year,west,dsl,0
42,23,48.42,1120.66,4,141.34,11,-6,no,yes,one-year,north,wireless,0
29,10,101.21,1034.1,0,176.66,6,6,no,yes,two-year,west,fiber,0
35,45,58.72,2743.4,1,505.03,13,6,yes,yes,month-to-month,east,fiber,0
29,26,25.0,639.0,1,524.39,17,-28,no,yes,month-to-month,south,dsl,0
57,21,41.51,984.71,2,228.08,9,32,yes,no,month-to-month,east,wireless,1
50,19,48.79,1040.01,2,386.88,9,23,yes,yes,two-year,north,wireless,0
78,22,81.32,1775.04,4,401.72,18,36,no,no,one-year,west,fiber,1
31,14,87.6,1251.4,0,242.14,5,22,no,no,two-year,east,dsl,0
42,22,66.92,1479.24,1,376.18,11,13,no,yes,two-year,south,fiber,0
51,18,56.45,1138.1,2,265.46,6,12,yes,yes,month-to-month,east,wireless,1
56,2,70.09,174.18,2,334.57,2,8,no,yes,one-year,west,dsl,0
43,36,89.1,3314.6,4,411.48,11,18,yes,yes,month-to-month,south,fiber,1
58,24,121.61,3010.64,3,235.84,16,10,yes,yes,month-to-month,west,dsl,1
48,35,68.28,2420.8,2,263.47,3,10,no,no,month-to-month,south,fiber,1
46,39,113.33,4447.87,3,252.36,4,6,no,no,month-to-month,north,wireless,1
40,19,82.42,1581.98,2,104.48,8,28,no,yes,month-to-month,north,fiber,0
68,27,93.73,2552.71,2,315.25,6,-1,no,yes,month-to-month,south,dsl,0
69,27,127.34,3442.18,3,251.58,12,16,no,no,month-to-month,south,fiber,1
23,30,62.92,1903.6,2,193.78,8,13,no,no,month-to-month,north,wireless,0
78,13,85.33,1237.29,6,135.67,4,40,yes,no,two-year,west,wireless,0
25,7,30.55,299.85,3,139.79,18,20,yes,yes,one-year,west,dsl,1
26,26,40.46,1055.96,3,106.95,12,-4,no,yes,two-year,east,dsl,0
50,18,113.79,2170.22,3,158.69,6,7,yes,yes,month-to-month,north,wireless,1
36,20,25.0,477.0,2,400.2,21,-11,no,yes,month-to-month,north,fiber,0
63,35,72.34,2553.9,6,147.28,6,56,no,yes,two-year,north,dsl,0
77,31,97.87,3155.97,4,242.99,6,32,yes,yes,month-to-month,east,fiber,0
53,12,51.38,726.56,5,81.91,10,7,yes,no,month-to-month,west,wireless,0
70,11,75.1,848.1,2,361.27,6,1,no,yes,month-to-month,south,dsl,0
47,19,54.9,1159.1,6,327.71,8,23,yes,yes,month-to-month,north,dsl,1
38,22,111.09,2474.98,3,190.47,3,14,no,yes,month-to-month,east,dsl,1
53,18,82.31,1600.58,3,239.88,7,19,yes,yes,month-to-month,south,fiber,1
70,45,91.75,4147.75,1,292.69,7,-3,no,yes,two-year,south,fiber,0
56,19,65.44,1268.36,3,275.38,5,3,no,yes,month-to-month,east,fiber,0
55,30,99.25,3014.5,1,418.33,1,16,no,no,month-to-month,east,dsl,0
31,12,103.65,1347.8,6,75.77,12,7,yes,yes,one-year,north,fiber,1
56,17,30.22,520.74,4,212.1,11,24,no,yes,month-to-month,north,fiber,0
42,46,25.0,1139.0,6,35.0,17,-25,no,yes,one-year,west,wireless,0
41,37,93.19,3579.03,2,280.68,3,-12,yes,no,one-year,south,wireless,1
22,20,68.3,1391.0,1,335.58,5,30,no,no,month-to-month,north,dsl,0
51,4,66.32,296.28,4,604.19,3,-57,no,no,month-to-month,north,dsl,0
43,34,43.16,1495.44,5,304.57,4,21,no,yes,month-to-month,north,fiber,1
36,17,58.06,988.02,2,92.8,13,0,no,yes,month-to-month,south,dsl,0
45,12,58.51,712.12,2,372.95,10,9,no,yes,one-year,west,wireless,0
51,13,55.3,731.9,2,298.13,9,-3,no,yes,two-year,south,fiber,0
18,21,85.97,1839.37,1,364.33,2,-9,no,no,month-to-month,south,fiber,0
23,21,45.82,966.22,2,155.13,12,10,no,yes,one-year,east,wireless,0
40,13,44.28,582.64,4,74.11,11,14,no,no,one-year,south,dsl,0
34,25,67.43,1695.75,2,139.32,10,12,no,no,month-to-month,west,fiber,0
31,45,47.01,2128.45,4,122.53,9,4,no,yes,one-year,west,dsl,0
64,25,71.3,1889.5,3,390.96,11,7,yes,no,month-to-month,north,fiber,1
42,27,90.13,2449.51,4,304.91,8,-3,no,yes,month-to-month,west,fiber,1
27,32,96.22,3119.04,1,303.06,0,-12,no,yes,month-to-month,south,wireless,0
61,24,113.56,2859.44,4,206.48,2,57,yes,yes,one-year,west,wireless,0
62,28,77.05,2188.4,1,390.0,3,0,no,yes,month-to-month,south,dsl,0
58,28,91.37,2665.36,3,347.86,11,2,yes,yes,one-year,west,wireless,1
47,50,47.1,2483.0,3,321.46,4,-1,yes,yes,month-to-month,west,fiber,1
62,21,35.72,760.12,7,143.96,10,13,no,no,month-to-month,south,wireless,1
73,50,48.94,2527.0,9,54.64,20,-13,yes,no,month-to-month,east,fiber,1
45,16,108.01,1753.16,5,172.41,5,19,no,yes,one-year,west,wireless,1
20,23,66.59,1529.57,1,149.84,14,4,no,yes,one-year,west,wireless,0
54,10,120.21,1212.1,2,262.19,10,19,no,no,month-to-month,north,fiber,1
25,17,107.47,1957.99,2,294.34,3,32,yes,yes,two-year,east,wireless,0
68,11,68.29,879.19,3,321.64,4,10,yes,no,one-year,south,wireless,1
67,33,58.3,1945.9,6,63.7,6,43,no,no,month-to-month,north,wireless,0
61,16,52.54,862.64,4,232.83,6,22,no,no,month-to-month,south,fiber,1
74,30,99.64,2984.2,3,476.16,15,-31,no,no,one-year,south,wireless,1
22,19,67.74,1427.06,4,243.14,0,8,yes,yes,two-year,west,wireless,0
37,33,95.99,3204.67,3,177.48,1,14,no,no,two-year,south,fiber,0
44,22,119.27,2657.94,2,232.09,2,1,no,yes,month-to-month,west,wireless,1
53,34,48.86,1668.24,3,118.58,11,15,no,yes,month-to-month,north,fiber,0
35,18,39.92,816.56,0,421.7,14,1,yes,no,one-year,south,fiber,0
18,25,88.28,2241.0,2,364.99,2,10,no,yes,two-year,north,dsl,0
38,22,42.52,939.44,3,154.46,12,-17,no,no,one-year,north,dsl,0
40,24,81.57,1967.68,0,148.01,10,39,no,no,one-year,north,dsl,0
20,20,69.11,1495.2,1,150.36,9,13,yes,no,two-year,north,fiber,0
47,22,102.92,2289.24,2,263.5,5,16,no,no,month-to-month,east,wireless,1
18,15,25.0,346.0,4,20.0,23,39,no,yes,one-year,south,fiber,1
82,8,126.23,1107.84,1,287.27,14,26,yes,yes,one-year,south,fiber,0
27,22,90.34,2018.48,1,261.47,3,45,no,yes,month-to-month,south,fiber,0
69,31,73.64,2301.84,6,91.06,7,5,no,yes,month-to-month,west,dsl,1
37,28,126.06,3663.68,2,219.01,2,-8,yes,no,one-year,west,wireless,1
18,5,96.8,612.0,2,300.54,4,3,yes,no,month-to-month,south,dsl,0
72,12,84.28,1048.36,6,136.34,1,41,no,no,month-to-month,south,wireless,0
57,30,77.19,2416.7,4,380.6,13,2,yes,yes,two-year,north,fiber,1
52,26,82.51,2170.26,4,160.21,5,3,no,yes,month-to-month,west,dsl,0
38,21,42.96,1003.16,0,252.01,13,6,yes,yes,one-year,north,dsl,0
18,4,74.1,312.4,2,257.94,8,6,no,yes,one-year,south,dsl,0
61,24,56.2,1473.8,4,236.45,5,38,yes,no,one-year,south,fiber,0
55,34,67.72,2321.48,3,286.76,7,24,no,yes,one-year,south,dsl,0
58,32,25.0,801.0,6,219.86,13,26,no,yes,month-to-month,north,dsl,0
27,21,154.76,3283.96,4,20.0,2,4,no,yes,month-to-month,west,wireless,1
66,47,111.58,5269.26,2,250.11,5,29,no,yes,one-year,north,dsl,0
34,36,43.93,1709.48,7,269.52,4,29,yes,no,month-to-month,east,fiber,1
